requirement_id,section,short_requirement,implementation_files,implementation_symbols,tests,evidence_path,status,reviewer,notes
V-01,3.2,manifest identity rederived and compared before catalog mutation,src/modelnet/verified_manifest.cpp;src/modelnet/catalog.cpp,VerifyManifestAgainstRequest;ModelCatalog::InstallFromManifest,src/test/modelnet_network02_tests.cpp;src/test/modelnet_convergence_tests.cpp,src/test/modelnet_network02_tests.cpp,IMPLEMENTED_AND_PROVEN,continue-20260917-round3,native unit; ID_MISMATCH before payload write
V-02,3.2,unknown-artifact PutFetchedPiece explicitly rejected,src/modelnet/catalog.cpp,ModelCatalog::PutFetchedPiece,src/test/modelnet_convergence_tests.cpp,src/test/modelnet_convergence_tests.cpp,IMPLEMENTED_AND_PROVEN,continue-20260917-round3,unknown artifact + wrong file index both rejected
V-03,3.2,global credit/inflight ceilings cannot be bypassed by rarity,src/modelnet/piece_picker.cpp;src/modelnet/transfer_session.cpp,CreditBroker;GlobalTransferCredits;PickRarestFirst,src/test/modelnet_network02_tests.cpp;src/test/modelnet_r1_swarm_tests.cpp,src/test/modelnet_network02_tests.cpp,IMPLEMENTED_AND_PROVEN,continue-20260917-round3,rare lane reserved under CreditBroker; empty window means no allocation
V-04,3.2,diversity key does not collapse identity/netgroup/endpoint,src/modelnet/piece_picker.cpp,DiversityKey;NetgroupKey,src/test/modelnet_convergence_tests.cpp,src/test/modelnet_convergence_tests.cpp,IMPLEMENTED_AND_PROVEN,continue-20260917-round3,same netgroup != 5 independent origins
V-05,3.2,live request window from measured bytes/RTT with rescheduling,src/modelnet/transfer_session.cpp;src/modelnet/helper.cpp,TransferSession;RequestWindowBytes;RetrieveFreeFromPeer,src/test/modelnet_convergence_tests.cpp;src/test/modelnet_r1_swarm_tests.cpp,audit/r1-swarm.md,IMPLEMENTED_WITH_GAP,continue-20260917-round3,"session exists; audit/r1-swarm.md records ObservePeer never called on the live path, so throughput_bps stays unmeasured"
V-06,3.2,worker ownership and piece commits are race-safe,src/modelnet/helper.cpp;src/modelnet/transfer_session.h,ThreadJoin;TransferSession::Cancel,src/test/modelnet_network02_tests.cpp,src/test/modelnet_network02_tests.cpp,IMPLEMENTED_NOT_YET_PROVEN,continue-20260917-round3,RAII ThreadJoin present; ASan/TSan UAF run NOT_RUN (Release-only tree per disk rule)
V-07,3.2,large release wrapping is streaming,src/modelnet/crypto.h;src/modelnet/crypto.cpp,RELEASE_WRAP_MAX_BYTES;ReleaseWrapAllowed;WrapBtxEnc2,src/test/modelnet_network02_audit_tests.cpp,src/test/modelnet_network02_audit_tests.cpp,IMPLEMENTED_WITH_GAP,continue-20260917-round3,refuses >64 MiB instead of streaming AEAD; a 400 GiB artifact still cannot be wrapped
V-08,3.2,imported provenance is distinct from signed original authority,src/modelnet/source_huggingface.cpp;src/modelnet/source_policy.cpp,HUGGINGFACE_PROVENANCE_NOTE;SourceLocatorAllowed,src/test/modelnet_network02_import_tests.cpp,src/test/modelnet_network02_import_tests.cpp,IMPLEMENTED_AND_PROVEN,continue-20260917-round3,hashes prove bytes not authorship
AUD-01,3.3,InstallFromManifest binds canonical IDs on the real call path,src/modelnet/catalog.cpp;src/modelnet/verified_manifest.cpp,VerifyManifestAgainstRequest,src/test/modelnet_network02_tests.cpp,src/test/modelnet_network02_tests.cpp,IMPLEMENTED_AND_PROVEN,continue-20260917-round3,regression vs public baseline 42a5c4ec
AUD-02,3.3,PutFetchedPiece unknown-artifact rejection traced to caller,src/modelnet/catalog.cpp,PutFetchedPiece,src/test/modelnet_convergence_tests.cpp,src/test/modelnet_convergence_tests.cpp,IMPLEMENTED_AND_PROVEN,continue-20260917-round3,
AUD-03,3.3,RetrieveFreeFromPeer audited against live metrics,src/modelnet/helper.cpp,RetrieveFreeFromPeer,src/test/modelnet_convergence_tests.cpp;contrib/modelnet/e2e-swarm-live.sh,audit/e2e/swam-live.log,IMPLEMENTED_WITH_GAP,continue-20260917-round3,45-byte 1-piece fixture took the whole-file path; overlapping ranges proven in-process only
AUD-04,3.3,rare pieces cannot bypass request windows,src/modelnet/piece_picker.cpp,PickRarestFirst,src/test/modelnet_network02_tests.cpp,src/test/modelnet_network02_tests.cpp,IMPLEMENTED_AND_PROVEN,continue-20260917-round3,
AUD-05,3.3,DiversityKey dimensions audited,src/modelnet/piece_picker.cpp,DiversityKey,src/test/modelnet_convergence_tests.cpp,src/test/modelnet_convergence_tests.cpp,IMPLEMENTED_AND_PROVEN,continue-20260917-round3,
AUD-06,3.3,SourceIsFresh / SourceHasPiece treat unknown conservatively,src/modelnet/piece_picker.cpp,SourceIsFresh;SourceHasPiece,src/test/modelnet_network02_tests.cpp,src/test/modelnet_network02_tests.cpp,IMPLEMENTED_AND_PROVEN,continue-20260917-round3,last_update_ms==0 is not all-have when now_ms>0
AUD-07,3.3,RAII workers audited at every early return,src/modelnet/helper.cpp;src/modelnet/transfer_session.h,ThreadJoin,src/test/modelnet_network02_tests.cpp,src/test/modelnet_network02_tests.cpp,IMPLEMENTED_NOT_YET_PROVEN,continue-20260917-round3,sanitizer NOT_RUN
AUD-08,3.3,release wrap cap audited,src/modelnet/crypto.h,RELEASE_WRAP_MAX_BYTES,src/test/modelnet_network02_audit_tests.cpp,src/test/modelnet_network02_audit_tests.cpp,DEFERRED_WITH_EVIDENCE,continue-20260917-round3,operator-accepted refuse->64MiB disposition rather than streaming container
AUD-09,3.3,crash-safe piece commit audited,src/modelnet/store.cpp;src/modelnet/piece_store.cpp,ModelStore::PutVerifiedPiece,src/test/modelnet_network02_tests.cpp,src/test/modelnet_network02_tests.cpp,IMPLEMENTED_AND_PROVEN,continue-20260917-round3,tmp+rename
AUD-10,3.3,response metadata cannot retarget pieces_root,src/modelnet/catalog.cpp,PutFetchedPiece,src/test/modelnet_convergence_tests.cpp,src/test/modelnet_convergence_tests.cpp,IMPLEMENTED_AND_PROVEN,continue-20260917-round3,
AUD-11,3.3,economic routes are not authorization,src/modelnet/subscription_mandate.cpp;src/modelnet/helper.cpp,automatic_spend_atoms;PrepareFundingPlan,src/test/modelnet_submandate_tests.cpp,audit/r8-wallet.md,IMPLEMENTED_WITH_GAP,r-disposition-round2-20260917,unsigned FUND prepare only and the F2 wallet-signing leg is HONEST_NOT_RUN because no code path connects a mandate to signing; modelnet_r8_mandate_tests.cpp dropped from the evidence column - it is not in the CMake source list and was never executed
AUD-12,3.3,docs generated from executable RPC surface,doc/modelnet/rpc.md;contrib/modelnet/validate-doc-examples.sh,ResolveHelperMethodAlias,src/test/modelnet_network02_audit_tests.cpp,src/test/modelnet_network02_audit_tests.cpp,IMPLEMENTED_AND_PROVEN,continue-20260917-round3,
S-1.1-01,1.1,coordinated transfer engine delivered,src/modelnet/transfer_session.cpp;src/modelnet/piece_picker.cpp,TransferSession;PickRarestFirst,src/test/modelnet_convergence_tests.cpp;src/test/modelnet_r1_swarm_tests.cpp,audit/r1-swarm.md,IMPLEMENTED_WITH_GAP,continue-20260917-round3,engine present; live loop still one-shot on the production path (see V-05)
S-1.1-02,1.1,adaptive upload service delivered,src/modelnet/upload_scheduler_drr.cpp;src/modelnet/upload_scheduler.cpp,UploadSchedulerDrr;UploadScheduler,src/test/modelnet_convergence_tests.cpp;src/test/modelnet_upload_scale_tests.cpp,src/test/modelnet_convergence_tests.cpp,IMPLEMENTED_AND_PROVEN,continue-20260917-round3,in-process DRR with 10k queued; not real sockets
S-1.1-03,1.1,safe cloud-backed storage and ingestion delivered,src/modelnet/s3_store.cpp;src/modelnet/piece_store.cpp;src/modelnet/import_coordinator.cpp,S3PieceStore;TieredPieceStore;ImportCoordinator,src/test/modelnet_cloud_tests.cpp;src/test/modelnet_r2_storage_tests.cpp,audit/e2e/minio-layouts.log,IMPLEMENTED_WITH_GAP,continue-20260917-round3,real MinIO container store + independent GET + sha384 PROVEN for AUTO and SOURCE_FILES; PIECE_OBJECTS stores nothing and no R2/AWS canary
S-1.1-04,1.1,native-packaged torrent interoperability delivered,src/modelnet/source_torrent.cpp,TorrentByteSource;MapTorrentRangeSafe;ReverseTorrentBridge,src/test/modelnet_network02_import_tests.cpp;src/test/modelnet_r3_import_tests.cpp,src/test/modelnet_r3_import_tests.cpp,IMPLEMENTED_WITH_GAP,continue-20260917-round3,offset map + path reject native; btx-torrentd subprocess OPERATOR_GATED
S-1.1-05,1.1,portable BTX descriptors delivered,src/modelnet/package_core.cpp;src/modelnet/package_bundle.cpp,EncodeBtxPackage;EncodeBtxBundle;PackageCoreId,src/test/modelnet_r7_package_tests.cpp;src/test/modelnet_convergence_tests.cpp,audit/btx-package-vectors/,IMPLEMENTED_AND_PROVEN,continue-20260917-round3,valid+invalid golden vectors written
S-1.1-06,1.1,durable subscriptions delivered,src/modelnet/subscription_mandate.cpp;src/modelnet/model_watch.cpp,SubscriptionMandate;ModelWatchStore,src/test/modelnet_submandate_tests.cpp;src/test/modelnet_watch_tests.cpp,src/test/modelnet_submandate_tests.cpp,IMPLEMENTED_WITH_GAP,continue-20260917-round3,prepare-only; F2 wallet-signed path NOT_RUN
S-1.1-07,1.1,stronger model discovery delivered,src/modelnet/query_router.cpp;src/modelnet/search.cpp;src/modelnet/provider_route.cpp,QueryRouter;SearchIndex;RoutingTable,src/test/modelnet_r4_route_tests.cpp;src/test/modelnet_network02_tests.cpp,src/test/modelnet_r4_route_tests.cpp,IMPLEMENTED_WITH_GAP,continue-20260917-round3,local + signature checks proven; 20-peer mesh NOT_RUN
S-1.1-08,1.1,erasure-assisted preservation delivered,src/modelnet/erasure_store.cpp;src/modelnet/erasure_manifest.cpp,EncodeShards;ReconstructShards;StripeReconstructable,src/test/modelnet_r6_erasure_tests.cpp;src/test/modelnet_erasure_io_tests.cpp,src/test/modelnet_r6_erasure_tests.cpp,IMPLEMENTED_AND_PROVEN,continue-20260917-round3,per-stripe condition proven; not huge-model scale
S-1.1-09,1.1,every advanced item appears in the work ledger and cannot silently disappear,audit/requirement-traceability.csv;audit/0348-remaining-unique-todos.md,n/a,src/test/modelnet_unique_todo_tests.cpp,audit/0348-remaining-unique-todos.md,IMPLEMENTED_AND_PROVEN,continue-20260917-round3,20 unique-todo cases assert the NOT_RUN status is reported rather than hidden
S-1.1-10,1.1,every nonshipping experiment has documented result/owner/operator disposition,src/modelnet/helper.cpp,evaluated_transport,src/test/modelnet_network02_audit_tests.cpp,/home/administrator/Documents/btxchain/.0348-network02-evaluated-transport.local.md,DEFERRED_WITH_EVIDENCE,continue-20260917-round3,uTP/QUIC/CDC/one-hop-privacy dispositions recorded
S-1.1-11,1.1,no remote inference / compute procurement / governance / messaging / new consensus money rules added,src/modeld.cpp,n/a,n/a,audit/hcp-authority-matrix.md,INCOMPATIBLE_BY_DESIGN,continue-20260917-round3,explicitly excluded from 0.34.8 scope
S-1.1-12,1.1,external source adapters never become authorities over BTX money or model identity,src/modelnet/source_policy.cpp;src/modelnet/import_coordinator.cpp,TorrentWorkerReceivesS3Credentials;ImportCoordinator,src/test/modelnet_convergence_tests.cpp;src/test/modelnet_r3_import_tests.cpp,src/test/modelnet_convergence_tests.cpp,IMPLEMENTED_AND_PROVEN,continue-20260917-round3,coordinator derives identity; worker cannot declare final ID
S-1.2-01,1.2,btxd retains consensus/ExactReplay/monetary signing/issuance/fork choice/BanMan/AddrMan,src/init.cpp;src/rpc/modelnet.cpp;src/modelnet/provider_route.cpp,RoutingTouchesAddrMan,src/test/modelnet_r4_route_tests.cpp,audit/hcp-authority-matrix.md,IMPLEMENTED_AND_PROVEN,continue-20260917-round3,RoutingTouchesAddrMan() asserted false
S-1.2-02,1.2,btx-modeld owns model metadata/discovery/storage/transfer/events/economic coordination,src/modelnet/helper.cpp;src/modelnet/supervisor.cpp,DispatchHelperRpc;ProxyOrLocal,src/test/modelnet_convergence_tests.cpp,audit/hcp-evidence.md,IMPLEMENTED_AND_PROVEN,continue-20260917-round3,two-process split proven as a running process boundary (btxd + btx-modeld + btx-hcpd)
S-1.2-03,1.2,cloud/torrent workers receive no wallet secrets or signing sockets,src/modelnet/source_policy.cpp;src/modelnet/access_policy.cpp,TorrentWorkerReceivesS3Credentials,src/test/modelnet_convergence_tests.cpp;src/test/modelnet_sentinel_secret_tests.cpp,src/test/modelnet_sentinel_secret_tests.cpp,IMPLEMENTED_AND_PROVEN,continue-20260917-round3,sentinel-credential grep proven in package/RPC surface
S-1.2-04,1.2,workers receive no chainstate handles or unrestricted filesystem access,src/modelnet/import_coordinator.cpp;src/modelnet/source_local.cpp,ImportRelPathUnsafe;LocalFileByteSource,src/test/modelnet_r3_import_tests.cpp;src/test/modelnet_r10_security_tests.cpp,src/test/modelnet_r10_security_tests.cpp,IMPLEMENTED_AND_PROVEN,continue-20260917-round3,path escape/symlink/device rejected
S-1.2-05,1.2,a helper outage must not interrupt monetary validation,src/init.cpp;src/rpc/modelnet.cpp,ProxyOrLocal;HELPER_DOWN,test/functional/feature_modelnet_0348_ops.py,test/functional/feature_modelnet_0348_ops.py:851-865,IMPLEMENTED_AND_PROVEN,r-disposition-round2-20260917,re-disposed from NOT_YET_PROVEN: audit/r9-compat.md §1 records an executed functional test on isolated regtest that SIGTERMs a real btx-modeld while getblockcount and getblockchaininfo keep serving and helper-backed RPC fails closed; the HCP-OPS-02 NOT_RUN label is stale because it bundles this proven half with the OFF build
S-1.2-06,1.2,a WITH_MODELNET=OFF build must compile and run without model/torrent/S3 deps,src/modelnet/CMakeLists.txt;src/modelnet/disabled_stub.h;contrib/modelnet/check-with-modelnet-off.sh,WITH_MODELNET,src/test/modelnet_unique_todo_tests.cpp,contrib/modelnet/check-with-modelnet-off.sh,IMPLEMENTED_NOT_YET_PROVEN,continue-20260917-round3,stub + checker script exist; second cmake tree NOT_RUN (one-compile-tree disk rule)
S-1.2-07,1.2,native model sessions retain strict PQ1,src/modelnet/transport_pq.cpp;src/modelnet/pq1_runtime.cpp,transport_pq;pq1_runtime,src/test/modelnet_b0_pq_rest_tests.cpp;src/test/modelnet_conn_tests.cpp,src/test/modelnet_b0_pq_rest_tests.cpp,IMPLEMENTED_AND_PROVEN,continue-20260917-round3,
S-1.2-08,1.2,HTTPS/BitTorrent/S3 are labelled external compatibility transports,doc/modelnet/pq-transport.md;doc/modelnet/web-bridge-boundary.md,n/a,src/test/modelnet_network02_audit_tests.cpp,doc/modelnet/web-bridge-boundary.md,IMPLEMENTED_AND_PROVEN,continue-20260917-round3,
S-1.2-09,1.2,external transport availability never causes silent native-protocol downgrade,src/modelnet/hello_caps.cpp;src/modelnet/transport_pq.cpp,HelloCapabilityArray;HelloHasCapability,src/test/modelnet_network02_audit_tests.cpp,src/test/modelnet_network02_audit_tests.cpp,IMPLEMENTED_AND_PROVEN,continue-20260917-round3,UNSUPPORTED_CAPABILITY rather than a different operation
S-1.2-10,1.2,direct cloud download is a separately consented origin-assisted path not a PQ1 session,src/modelnet/origin_broker.cpp;src/modelnet/direct_seed.cpp,OriginBroker;DirectSeedAllowIssue,src/test/modelnet_network02_ef_tests.cpp;src/test/modelnet_r10_security_tests.cpp,src/test/modelnet_network02_ef_tests.cpp,IMPLEMENTED_AND_PROVEN,continue-20260917-round3,dual operator+requester consent enforced
S-1.2-11,1.2,model bytes still undergo BTX canonical verification regardless of transport,src/modelnet/store.cpp;src/modelnet/catalog.cpp,VerifyPiece;PutFetchedPiece,src/test/modelnet_network02_tests.cpp,src/test/modelnet_network02_tests.cpp,IMPLEMENTED_AND_PROVEN,continue-20260917-round3,
S-1.2-12,1.2,global automatic BTX spending remains zero,src/modelnet/catalog.cpp;src/modelnet/helper.cpp,automatic_spend_atoms,src/test/modelnet_convergence_tests.cpp;src/test/modelnet_unique_todo_tests.cpp,src/test/modelnet_convergence_tests.cpp,IMPLEMENTED_AND_PROVEN,continue-20260917-round3,stays 0 across event/package/signature/URL routes
S-1.2-13,1.2,an event/package/signature/ranking/source URL does not authorize spending,src/modelnet/package_export.cpp;src/modelnet/event_journal.cpp,EventTextMayBecomeCommand;EventTextMayBecomeRpc,src/test/modelnet_r10_security_tests.cpp;src/test/modelnet_event_tests.cpp,src/test/modelnet_r10_security_tests.cpp,IMPLEMENTED_AND_PROVEN,continue-20260917-round3,
S-1.2-14,1.2,existing exact-terms AgentMandate semantics preserved,src/modelnet/subscription_mandate.cpp,SignedTerms;ValidateMandate,src/test/modelnet_submandate_tests.cpp,audit/r8-wallet.md,IMPLEMENTED_NOT_YET_PROVEN,r-disposition-round2-20260917,SubscriptionMandate is a separate type so nothing was changed under the exact-terms path; the only test written for this claim (modelnet_r8_mandate_tests.cpp) is absent from the CMake source list and was never executed so no run proves non-regression
S-1.2-15,1.2,entering cloud credentials does not approve unlimited storage/requests/egress/publication,src/modelnet/s3_store.cpp;src/modelnet/import_plan.cpp,CloudStoreConfig;ImportPlan,src/test/modelnet_cloud_tests.cpp;src/test/modelnet_r2_storage_tests.cpp,src/test/modelnet_r2_storage_tests.cpp,IMPLEMENTED_AND_PROVEN,continue-20260917-round3,budget approval is a separate authorization_ref
S-1.3-01,1.3,IMPLEMENTED_AND_EXECUTED used only for an executed integrated call path,audit/requirement-traceability.csv;audit/acceptance-matrix-0.34.8.csv,n/a,n/a,audit/acceptance-matrix-notes.md,IMPLEMENTED_AND_PROVEN,continue-20260917-round3,this round retires parent S-* over-claims; vocabulary mapped to the operator's six-value set
S-1.3-02,1.3,PARTIAL used when a library primitive exists but wiring is incomplete,audit/requirement-traceability.csv,n/a,n/a,audit/skipped-and-partial-2026-09-17.md,IMPLEMENTED_AND_PROVEN,continue-20260917-round3,mapped to IMPLEMENTED_WITH_GAP / IMPLEMENTED_NOT_YET_PROVEN here
S-1.3-03,1.3,evidence tiers (simulation/conformance/process/wallet/cloud/WAN) remain distinguishable,audit/acceptance-matrix-0.34.8.csv;audit/hcp-evidence.md,n/a,n/a,audit/hcp-evidence.md,IMPLEMENTED_AND_PROVEN,continue-20260917-round3,NATIVE_UNIT / PROCESS_E2E / OAUTH_LAB tiers are named per row
S-1.3-04,1.3,the public merge does not establish private-tree contents or deployed binaries,audit/final-convergence-baseline.md,n/a,n/a,audit/final-convergence-baseline.md,IMPLEMENTED_AND_PROVEN,continue-20260917-round3,baseline records dirty/untracked counts separately from HEAD
S-1.3-05,1.3,actual starting SHA / dirty files / private changes recorded before edits,audit/final-convergence-baseline.md,n/a,n/a,audit/final-convergence-baseline.md,IMPLEMENTED_AND_PROVEN,continue-20260917-round3,HEAD 573b4aa4; 295 dirty tracked; 246 untracked
S-2.1-01,2.1,git status/branch/HEAD/upstream/commits/version macros/build config recorded,audit/final-convergence-baseline.md,CLIENT_VERSION;CLIENT_VERSION_IS_RELEASE,n/a,audit/final-convergence-baseline.md,IMPLEMENTED_AND_PROVEN,continue-20260917-round3,CLIENT_VERSION 0.34.8; IS_RELEASE false; BUILD_GUI OFF; WITH_MODELNET ON
S-2.1-02,2.1,existing first-run/aliases/watch-folder/cloud/package inventory taken,src/modelnet/firstrun.cpp;contrib/modelnet/btx-model,FirstRunConsent;ResolveHelperMethodAlias,src/test/modelnet_firstrun_tests.cpp;src/test/modelnet_first_run_tests.cpp,audit/capability-baseline.md,IMPLEMENTED_AND_PROVEN,continue-20260917-round3,
S-2.1-03,2.1,README/HUMANS/AGENTS/operator docs/wallet RPC/CMake boundaries read,README.md;doc/modelnet/,n/a,n/a,audit/agent-package-baseline.md,IMPLEMENTED_AND_PROVEN,continue-20260917-round3,
S-2.1-04,2.1,untracked operator files preserved; no tree reset or blind fetch,audit/final-convergence-baseline.md,n/a,n/a,audit/final-convergence-baseline.md,IMPLEMENTED_AND_PROVEN,continue-20260917-round3,246 untracked paths retained
S-2.1-05,2.1,implementation ledger with id/code/location/gap/module/owner/tests/status/evidence,audit/requirement-traceability.csv,n/a,n/a,audit/requirement-traceability.csv,IMPLEMENTED_AND_PROVEN,r-disposition-round2-20260917,this file; 914 per-subrequirement rows with no parent S-* section claims and no blank status; rows re-dispositioned against r1-swarm r2-storage r3-imports r6-erasure r8-wallet and r9-compat carry reviewer r-disposition-round2-20260917 and name the finding id that moved them
S-2.1-06,2.1,privately fixed defects recorded as VERIFIED_FIXED_AFTER_RETEST not duplicated,src/test/modelnet_vstar_regression_tests.cpp,n/a,src/test/modelnet_vstar_regression_tests.cpp,src/test/modelnet_vstar_regression_tests.cpp,IMPLEMENTED_AND_PROVEN,continue-20260917-round3,V-star regression file holds the retest cases
S-2.2-01,2.2,coordinator exclusively owns shared contracts/registrars/CMake/migrations,src/modelnet/CMakeLists.txt,n/a,n/a,audit/final-convergence-handoff.md,IMPLEMENTED_AND_PROVEN,continue-20260917-round3,process requirement; single aggregation point
S-2.2-02,2.2,fourteen lanes A-N have named owned implementation and integration partner,audit/final-convergence-handoff.md,n/a,n/a,audit/final-convergence-handoff.md,IMPLEMENTED_AND_PROVEN,continue-20260917-round3,lane->module mapping recorded; lanes are agents not runtime features
S-2.2-03,2.2,frozen contracts before fan-out (VerifiedManifest/ByteSource/PieceStore/TransferSession/ImportPlan/event envelope/package),src/modelnet/verified_manifest.h;src/modelnet/byte_source.h;src/modelnet/piece_store.h;src/modelnet/transfer_session.h;src/modelnet/import_plan.h;src/modelnet/event_journal.h;src/modelnet/package_core.h,VerifiedManifest;ByteSource;PieceStore;TransferSession;ImportPlan;ModelEvent;DecodedBtxPackage,src/test/modelnet_network02_tests.cpp,src/test/modelnet_network02_tests.cpp,IMPLEMENTED_AND_PROVEN,continue-20260917-round3,all seven headers exist as single definitions
S-2.2-04,2.2,no two agents independently design a second scheduler/identity/storage interface,src/modelnet/upload_scheduler.h;src/modelnet/piece_store.h,UploadScheduler;PieceStore,src/test/modelnet_network02_audit_tests.cpp,audit/architecture-canonicalization.md,IMPLEMENTED_WITH_GAP,continue-20260917-round3,upload_scheduler.cpp and upload_scheduler_drr.cpp coexist; DRR is the admission path but two files remain
S-2.2-05,2.2,separate worktrees or disjoint files per lane,n/a,n/a,n/a,audit/final-convergence-baseline.md,IMPLEMENTED_AND_PROVEN,continue-20260917-round3,single tree with disjoint files this round; one compile tree per disk rule
S-2.3-01,2.3,Phase A repairs verification/admission and scheduler boundary first,src/modelnet/verified_manifest.cpp;src/modelnet/transfer_session.cpp,VerifyManifestAgainstRequest;TransferSession,src/test/modelnet_network02_tests.cpp,audit/final-convergence-handoff.md,IMPLEMENTED_AND_PROVEN,continue-20260917-round3,
S-2.3-02,2.3,Phases B-F sequenced (storage/imports -> adapters -> packages/events/discovery -> erasure/bootstrap -> journeys),audit/final-convergence-handoff.md,n/a,n/a,audit/final-convergence-handoff.md,IMPLEMENTED_WITH_GAP,continue-20260917-round3,Phase F combined whole-user journeys only partly executed (see S-22.2 rows)
S-2.3-03,2.3,every change includes native tests or a named integration-test dependency,src/test/modelnet_*.cpp,n/a,src/test/modelnet_network02_tests.cpp;src/test/modelnet_convergence_tests.cpp,audit/cr11-native-acceptance.csv,IMPLEMENTED_AND_PROVEN,continue-20260917-round3,124 modelnet test files registered
S-2.3-04,2.3,sanitizers run on shared-state paths,n/a,n/a,n/a,audit/hcp-not-run.md,MISSING,continue-20260917-round3,no ASan/TSan tree; forbidden by the one-compile-tree disk rule this round
S-2.3-05,2.3,error injection at persistence boundaries,src/modelnet/store.cpp;src/modelnet/multipart_journal.cpp,MultipartJournal,src/test/modelnet_network02_audit_tests.cpp;src/test/modelnet_n02_journey2_iso_tests.cpp,src/test/modelnet_n02_journey2_iso_tests.cpp,IMPLEMENTED_AND_PROVEN,continue-20260917-round3,multipart restart/abort injection proven
S-2.3-06,2.3,local evidence published under a run ID binding SHA/flags/environment/fixture hashes,audit/final-convergence-baseline.md;audit/acceptance-matrix-0.34.8.csv,n/a,n/a,audit/final-convergence-baseline.md,IMPLEMENTED_AND_PROVEN,continue-20260917-round3,
S-2.3-07,2.3,a logged PASS string is insufficient; final state asserted by independent inspection,audit/acceptance-matrix-notes.md,n/a,src/test/modelnet_unique_todo_tests.cpp,audit/skipped-and-partial-2026-09-17.md,IMPLEMENTED_AND_PROVEN,continue-20260917-round3,unique-todo cases assert reported status not a log line
S-3.1-01,3.1,existing rarity picker/endgame/window/availability/PEX/routing/NAT/store/governor/search/finance preserved,src/modelnet/piece_picker.cpp;src/modelnet/provider_exchange.cpp;src/modelnet/model_nat.cpp;src/modelnet/search.cpp,PickRarestFirst;RequestWindowBytes;CompactPieceRanges,src/test/modelnet_swarm_tests.cpp;src/test/modelnet_search_tests.cpp,src/test/modelnet_swarm_tests.cpp,IMPLEMENTED_AND_PROVEN,continue-20260917-round3,no primitive removed
S-3.1-02,3.1,a library primitive is distinguished from a live integrated transfer loop,audit/r1-swarm.md,n/a,src/test/modelnet_r1_swarm_tests.cpp,audit/r1-swarm.md,IMPLEMENTED_AND_PROVEN,continue-20260917-round3,r1-swarm.md states the live 4-node swarm is NOT proven
S-3.1-03,3.1,the earlier claim that adaptive behavior was already wired is corrected not repeated,audit/r1-swarm.md;audit/final-convergence-operator-report.md,n/a,src/test/modelnet_r1_swarm_tests.cpp,audit/r1-swarm.md,IMPLEMENTED_AND_PROVEN,continue-20260917-round3,
S-3.1-04,3.1,the fix closes the integration gap rather than adding another standalone picker,src/modelnet/transfer_session.cpp,TransferSession,src/test/modelnet_convergence_tests.cpp,audit/architecture-canonicalization.md,IMPLEMENTED_WITH_GAP,continue-20260917-round3,session added; RetrieveFreeFromPeer still calls the picker once with empty metrics
S-3.2-00,3.2,all eight release-blocking findings V-01..V-08 dispositioned,src/modelnet/,n/a,src/test/modelnet_vstar_regression_tests.cpp,audit/final-convergence-operator-report.md,IMPLEMENTED_WITH_GAP,continue-20260917-round3,V-05 and V-07 remain WITH_GAP; V-06 unproven; see the V-* rows
S-3.3-01,3.3,actual handlers and callers inspected not headers/docs/unit tests alone,audit/final-convergence-operator-report.md,n/a,n/a,audit/final-convergence-operator-report.md,IMPLEMENTED_AND_PROVEN,continue-20260917-round3,
S-3.3-02,3.3,getmodel chain traced: manifest -> schedule -> read -> commit -> persist -> announce,src/modelnet/helper.cpp;src/modelnet/catalog.cpp;src/modelnet/store.cpp,DispatchHelperRpc;PutFetchedPiece;PutVerifiedPiece,src/test/modelnet_network02_tests.cpp,src/test/modelnet_network02_tests.cpp,IMPLEMENTED_AND_PROVEN,continue-20260917-round3,
S-3.3-03,3.3,import chain traced: pin -> quarantine -> validate -> canonical -> durable -> publish,src/modelnet/import_coordinator.cpp;src/modelnet/import_plan.cpp,ImportCoordinator;ImportPhase,src/test/modelnet_network02_import_tests.cpp;src/test/modelnet_r3_import_tests.cpp,src/test/modelnet_r3_import_tests.cpp,IMPLEMENTED_AND_PROVEN,continue-20260917-round3,
S-3.3-04,3.3,host-auto / free grants / economic observation / shutdown paths included,src/modelnet/auto_storage.cpp;src/modelnet/free_grant.cpp,FreeGrant;AllowPayloadStorage,src/test/modelnet_hosting_tests.cpp;src/test/modelnet_free_remaining_tests.cpp,src/test/modelnet_hosting_tests.cpp,IMPLEMENTED_AND_PROVEN,continue-20260917-round3,
S-3.3-05,3.3,each claimed feature cross-referenced to a call site and a failing-before regression,src/test/modelnet_vstar_regression_tests.cpp,n/a,src/test/modelnet_vstar_regression_tests.cpp,src/test/modelnet_vstar_regression_tests.cpp,IMPLEMENTED_WITH_GAP,continue-20260917-round3,regressions exist for confirmed V-star defects; not for every claimed feature
S-4.1-01,4.1,libtorrent choker lesson adopted: slots from observed rates not connection count,src/modelnet/upload_scheduler_drr.cpp,UploadSchedulerDrr,src/test/modelnet_convergence_tests.cpp;src/test/modelnet_upload_scale_tests.cpp,src/test/modelnet_convergence_tests.cpp,IMPLEMENTED_AND_PROVEN,continue-20260917-round3,
S-4.1-02,4.1,disk-interface lesson adopted: completions return to the executor; no blocking S3 in a callback,src/modelnet/io_executor.cpp,IoExecutor,src/test/modelnet_network02_remain_tests.cpp;src/test/modelnet_erasure_io_tests.cpp,src/test/modelnet_network02_remain_tests.cpp,IMPLEMENTED_AND_PROVEN,continue-20260917-round3,
S-4.1-03,4.1,HF downloader lesson adopted: expected size + Range resume + reset on 200,src/modelnet/source_huggingface.cpp,HuggingFaceByteSource,src/test/modelnet_network02_import_tests.cpp;src/test/modelnet_r3_import_tests.cpp,src/test/modelnet_r3_import_tests.cpp,IMPLEMENTED_WITH_GAP,continue-20260917-round3,local fixture only; live HF WAN NOT_RUN
S-4.1-04,4.1,Xet path included instead of promising naive HTTP for large HF models,src/modelnet/source_xet.cpp,XetByteSource,src/test/modelnet_network02_import_tests.cpp;src/test/modelnet_r3_import_tests.cpp,src/test/modelnet_r3_import_tests.cpp,IMPLEMENTED_WITH_GAP,continue-20260917-round3,source class present; live Xet reconstruction NOT_RUN
S-4.1-05,4.1,rclone lesson adopted: token before buffer; sibling cancel; declared length check,src/modelnet/multipart_journal.cpp,MultipartJournal;MultipartPart,src/test/modelnet_network02_audit_tests.cpp;src/test/modelnet_n02_journey2_iso_tests.cpp,src/test/modelnet_n02_journey2_iso_tests.cpp,IMPLEMENTED_AND_PROVEN,continue-20260917-round3,
S-4.1-06,4.1,S3 parts / physical objects / torrent pieces / canonical pieces kept as four grids,src/modelnet/object_layout.cpp;src/modelnet/erasure_store.cpp,MultipartPartCount;CanonicalPieceCount;MapTorrentRange,src/test/modelnet_r2_storage_tests.cpp;src/test/modelnet_r3_import_tests.cpp,src/test/modelnet_r2_storage_tests.cpp,IMPLEMENTED_AND_PROVEN,continue-20260917-round3,
S-4.1-07,4.1,Tahoe lesson adopted: bounded segments and tail padding rather than one huge encode,src/modelnet/erasure_store.cpp,EncodeShards,src/test/modelnet_r6_erasure_tests.cpp,src/test/modelnet_r6_erasure_tests.cpp,IMPLEMENTED_AND_PROVEN,continue-20260917-round3,
S-4.1-08,4.1,ISA-L lesson adopted: exact Cauchy matrix pinned; parity signature is not proof,src/modelnet/erasure_store.cpp,GfMul;EncodeShards;ReconstructShards,src/test/modelnet_r6_erasure_tests.cpp,src/test/modelnet_r6_erasure_tests.cpp,IMPLEMENTED_AND_PROVEN,continue-20260917-round3,known-answer vectors in the erasure test
S-4.2-01,4.2,dynamic-query lesson adopted: visited peers/pending/useful results/expiry tracked,src/modelnet/query_router.cpp,QueryRouter;DynamicQueryPlan;QueryBudget,src/test/modelnet_r4_route_tests.cpp;src/test/modelnet_network02_tests.cpp,src/test/modelnet_r4_route_tests.cpp,IMPLEMENTED_AND_PROVEN,continue-20260917-round3,
S-4.2-02,4.2,summary protocol budgets itself and retains exploratory fallback (QRP 44% lesson),src/modelnet/metadata_gossip.cpp;src/modelnet/query_router.cpp,QuerySummary;SummarizeQueryHits,src/test/modelnet_r5_gossip_tests.cpp;src/test/modelnet_r4_route_tests.cpp,src/test/modelnet_r5_gossip_tests.cpp,IMPLEMENTED_AND_PROVEN,continue-20260917-round3,
S-4.2-03,4.2,Gnutella horizon/latency constants explicitly not copied,src/modelnet/query_router.cpp,QueryBudget,src/test/modelnet_r4_route_tests.cpp,src/test/modelnet_r4_route_tests.cpp,IMPLEMENTED_AND_PROVEN,continue-20260917-round3,BTX limit profile used instead
S-4.2-04,4.2,FailureTable lesson adopted: expiring negative state not permanent global reputation,src/modelnet/router.cpp,NegativeResolveCache,src/test/modelnet_r4_route_tests.cpp;src/test/modelnet_convergence_tests.cpp,src/test/modelnet_convergence_tests.cpp,IMPLEMENTED_AND_PROVEN,continue-20260917-round3,local TTL; no gossiped verdict
S-4.2-05,4.2,Freenet-derived caching applies only to a node's own verified path,src/modelnet/router.cpp;src/modelnet/store.cpp,RouterCache,src/test/modelnet_r4_route_tests.cpp,src/test/modelnet_r4_route_tests.cpp,IMPLEMENTED_AND_PROVEN,continue-20260917-round3,no opaque relay decryption
S-4.2-06,4.2,Bitswap lesson adopted: session-level want-have vs want-block with own cancel lifetime,src/modelnet/piece_picker.cpp;src/modelnet/transfer_session.cpp,SourceHasPiece;TransferSession::Cancel,src/test/modelnet_convergence_tests.cpp,src/test/modelnet_convergence_tests.cpp,IMPLEMENTED_WITH_GAP,continue-20260917-round3,availability parsed into the picker; a dedicated DONT_HAVE e2e is missing
S-4.2-07,4.2,Gossipsub lesson adopted: small full-message mesh + ID-only gossip with reserved outbound,src/modelnet/metadata_gossip.cpp,GossipMessage;GossipMessageAllowed,src/test/modelnet_r5_gossip_tests.cpp;src/test/modelnet_network02_tests.cpp,src/test/modelnet_r5_gossip_tests.cpp,IMPLEMENTED_NOT_YET_PROVEN,continue-20260917-round3,bounded message tests pass; 20-peer mesh NOT_RUN
S-4.2-08,4.2,Iroh lesson adopted: range reconciliation + live insertion without trusting XOR fingerprints,src/modelnet/index_reconcile.cpp,IndexReconciler;ReconcileDigestAuthorizesInsert,src/test/modelnet_r5_gossip_tests.cpp;src/test/modelnet_convergence_tests.cpp,src/test/modelnet_convergence_tests.cpp,IMPLEMENTED_AND_PROVEN,continue-20260917-round3,ReconcileDigestAuthorizesInsert() asserted false
S-4.2-09,4.2,Syncthing lesson adopted: explicit request buffer release and block metadata,src/modelnet/selective_files.cpp;src/modelnet/piece_ranges.cpp,SelectiveFileSet;CompactPieceRanges,src/test/modelnet_convergence_tests.cpp,src/test/modelnet_convergence_tests.cpp,IMPLEMENTED_AND_PROVEN,continue-20260917-round3,
S-4.2-10,4.2,OCI lesson adopted: digest/size/media-type distinct; index selects variants; no exec instructions,src/modelnet/package_core.cpp,DecodedBtxPackage;ValidatePackagePayload,src/test/modelnet_r7_package_tests.cpp,src/test/modelnet_r7_package_tests.cpp,IMPLEMENTED_AND_PROVEN,continue-20260917-round3,
S-4.3-01,4.3,FastTrack/Kazaa source not used; only independently designed capability-aware routing,src/modelnet/provider_route.cpp;src/modelnet/profile.cpp,RoutingTable;OperatorProfile,src/test/modelnet_r4_route_tests.cpp;src/test/modelnet_infra_tests.cpp,audit/independent-review-r1-r11.md,INCOMPATIBLE_BY_DESIGN,continue-20260917-round3,no proprietary tree obtained; historical context only
S-4.3-02,4.3,gtk-gnutella and Hyphanet remain study-only (GPL-2.0-or-later),contrib/modelnet/dependency-lock.md,n/a,n/a,contrib/modelnet/dependency-lock.md,IMPLEMENTED_AND_PROVEN,continue-20260917-round3,clean implementation from documented behavior
S-4.3-03,4.3,libtorrent is a pinned isolated runtime dependency and never a monetary dependency,doc/modelnet/libtorrent-parts-bin-audit.md;contrib/modelnet/dependency-lock.md,n/a,src/test/modelnet_r3_import_tests.cpp,doc/modelnet/libtorrent-parts-bin-audit.md,IMPLEMENTED_WITH_GAP,continue-20260917-round3,parts-bin audit written; btx-torrentd not linked/run this round (OPERATOR_GATED)
S-4.3-04,4.3,libutp and QUIC studied but neither provides required PQ authentication alone,src/modelnet/helper.cpp,evaluated_transport,src/test/modelnet_network02_audit_tests.cpp;src/test/modelnet_unique_todo_tests.cpp,/home/administrator/Documents/btxchain/.0348-network02-evaluated-transport.local.md,DEFERRED_WITH_EVIDENCE,continue-20260917-round3,uTP/QUIC NONSHIPPING; contrib/modelnet/e2e-quic-absent.sh asserts absence
S-4.3-05,4.3,for native BTX prefer independently implemented mechanisms,src/modelnet/,n/a,n/a,contrib/modelnet/dependency-lock.md,IMPLEMENTED_AND_PROVEN,continue-20260917-round3,
S-5.1-01,5.1,source adapters produce a bounded ByteSource,src/modelnet/byte_source.h;src/modelnet/source_local.cpp;src/modelnet/source_huggingface.cpp;src/modelnet/source_xet.cpp;src/modelnet/source_torrent.cpp,ByteSource;LocalFileByteSource;HuggingFaceByteSource;XetByteSource;TorrentByteSource,src/test/modelnet_r3_import_tests.cpp,src/test/modelnet_r3_import_tests.cpp,IMPLEMENTED_AND_PROVEN,continue-20260917-round3,one interface for four sources
S-5.1-02,5.1,ImportCoordinator controls identity construction and publication,src/modelnet/import_coordinator.cpp,ImportCoordinator;MakePlanByteSource,src/test/modelnet_network02_import_tests.cpp,src/test/modelnet_network02_import_tests.cpp,IMPLEMENTED_AND_PROVEN,continue-20260917-round3,worker cannot declare the final BTX ID
S-5.1-03,5.1,PieceStore resolves logical ranges into files/extents/objects/coded data,src/modelnet/piece_store.cpp;src/modelnet/s3_store.cpp,PieceStore;LocalPieceStore;TieredPieceStore;S3PieceStore,src/test/modelnet_store2_tests.cpp;src/test/modelnet_r2_storage_tests.cpp,audit/e2e/minio-layouts.log,IMPLEMENTED_WITH_GAP,continue-20260917-round3,LocalPieceStore and TieredPieceStore proven; S3PieceStore proven against real MinIO for SOURCE_FILES only
S-5.1-04,5.1,TransferSession and UploadScheduler govern native requests,src/modelnet/transfer_session.cpp;src/modelnet/upload_scheduler_drr.cpp,TransferSession;UploadSchedulerDrr,src/test/modelnet_convergence_tests.cpp,src/test/modelnet_convergence_tests.cpp,IMPLEMENTED_AND_PROVEN,continue-20260917-round3,
S-5.1-05,5.1,OriginBroker performs cloud reads and issues optional external delivery offers,src/modelnet/origin_broker.cpp;src/modelnet/direct_seed.cpp,OriginBroker;OriginBrokerOffer;DirectSeedOffer,src/test/modelnet_network02_ef_tests.cpp,src/test/modelnet_network02_ef_tests.cpp,IMPLEMENTED_AND_PROVEN,continue-20260917-round3,
S-5.1-06,5.1,index/journal/router share immutable verified objects rather than reparse untrusted JSON,src/modelnet/search.cpp;src/modelnet/event_journal.cpp;src/modelnet/router.cpp,ModelSearchRecord;ModelEvent;SignedRecordHint,src/test/modelnet_event_tests.cpp;src/test/modelnet_search_tests.cpp,src/test/modelnet_event_tests.cpp,IMPLEMENTED_AND_PROVEN,continue-20260917-round3,
S-5.1-07,5.1,focused modules added under src/modelnet rather than growing helper.cpp indefinitely,src/modelnet/,verified_manifest;transfer_session;upload_scheduler;io_executor;object_layout;import_coordinator;source_policy;origin_broker;bootstrap_distributor;erasure_store;event_journal;query_router;index_reconcile;metadata_gossip,n/a,src/modelnet/,IMPLEMENTED_WITH_GAP,continue-20260917-round3,"17 of 18 named modules exist; no request_ledger or watch_policy module (ledger lives inside transfer_session, policy inside model_watch)"
S-5.1-08,5.1,optional workers packaged as btx-source-worker and btx-torrentd; user invokes one BTX command,contrib/modelnet/btx-model;src/modelnet/supervisor.cpp,supervisor,src/test/modelnet_r3_import_tests.cpp,contrib/modelnet/btx-model,IMPLEMENTED_WITH_GAP,continue-20260917-round3,supervisor exists; neither worker binary is built or supervised this round
S-5.1-09,5.1,built-in functionality does not require linking untrusted torrent parsers into btxd,src/modelnet/source_torrent.cpp;src/modelnet/CMakeLists.txt,TorrentByteSource,src/test/modelnet_r3_import_tests.cpp,doc/modelnet/libtorrent-parts-bin-audit.md,IMPLEMENTED_AND_PROVEN,continue-20260917-round3,no libtorrent in btxd link line
S-5.1-10,5.1,worker features disable cleanly at build time with explicit capability reporting,src/modelnet/disabled_stub.h;src/modelnet/hello_caps.cpp,WITH_MODELNET;HelloCapabilityArray,src/test/modelnet_network02_audit_tests.cpp,src/test/modelnet_network02_audit_tests.cpp,IMPLEMENTED_NOT_YET_PROVEN,continue-20260917-round3,capability array proven; OFF-tree compile NOT_RUN
S-5.2-01,5.2,VerifiedManifest is constructible only by VerifyManifestAgainstRequest,src/modelnet/verified_manifest.h;src/modelnet/verified_manifest.cpp,VerifiedManifest;VerifyManifestAgainstRequest,src/test/modelnet_network02_tests.cpp,src/test/modelnet_network02_tests.cpp,IMPLEMENTED_AND_PROVEN,continue-20260917-round3,
S-5.2-02,5.2,PieceKey / ReadExtent / OperationBudget / CancelToken contracts exist,src/modelnet/piece_store.h;src/modelnet/byte_source.h,PieceKey;ReadExtent;OperationBudget;CancelToken,src/test/modelnet_network02_tests.cpp,src/test/modelnet_network02_tests.cpp,IMPLEMENTED_WITH_GAP,continue-20260917-round3,shapes exist under private names; the spec sketch is not literal (no CommitVerified/ResidencySnapshot symbols)
S-5.2-03,5.2,OperationBudget requires an explicit reservation for RAM/disk/bytes/requests/time,src/modelnet/transfer_session.cpp;src/modelnet/s3_store.cpp,CreditBroker;OperationBudget;ChargeGet,src/test/modelnet_network02_tests.cpp;src/test/modelnet_cloud_tests.cpp,audit/r2-storage.md,IMPLEMENTED_WITH_GAP,r-disposition-round2-20260917,the type exists and the RAM/disk/request/time reservations are unit-proven; the bytes reservation is not a reservation on the cloud path - R2S-04 charges after the transfer with a zero-byte precheck and R2S-05 leaves uploads entirely outside the ledger so Class A write operations are uncounted
S-5.2-04,5.2,every async completion carries operation ID/generation/result/released credit,src/modelnet/transfer_session.cpp;src/modelnet/io_executor.cpp,TransferRequest;IoExecutor,src/test/modelnet_convergence_tests.cpp,src/test/modelnet_convergence_tests.cpp,IMPLEMENTED_AND_PROVEN,continue-20260917-round3,
S-5.2-05,5.2,a stale completion after cancel cannot mutate a job that reused the identifier,src/modelnet/transfer_session.cpp,TransferSession::Cancel;TransferRequest,src/test/modelnet_convergence_tests.cpp;src/test/modelnet_vstar_regression_tests.cpp,src/test/modelnet_vstar_regression_tests.cpp,IMPLEMENTED_AND_PROVEN,continue-20260917-round3,generation check proven
S-5.2-06,5.2,no interface exposes cloud credentials/wallet keys/unverified bytes as verified,src/modelnet/origin_broker.cpp;src/modelnet/package_export.cpp,OriginJsonHasCredential;PublicExportKeyForbidden,src/test/modelnet_sentinel_secret_tests.cpp;src/test/modelnet_r10_security_tests.cpp,src/test/modelnet_sentinel_secret_tests.cpp,IMPLEMENTED_AND_PROVEN,continue-20260917-round3,
S-5.3-01,5.3,one session owner serializes transfer state; workers execute immutable tasks,src/modelnet/transfer_session.cpp,TransferSession,src/test/modelnet_convergence_tests.cpp,src/test/modelnet_convergence_tests.cpp,IMPLEMENTED_AND_PROVEN,continue-20260917-round3,
S-5.3-02,5.3,never hold catalog/event/routing/wallet locks while waiting on network or storage,src/modelnet/io_executor.cpp;src/modelnet/catalog.cpp,IoExecutor,src/test/modelnet_network02_remain_tests.cpp,src/test/modelnet_network02_remain_tests.cpp,IMPLEMENTED_NOT_YET_PROVEN,continue-20260917-round3,executor hand-off present; no lock-order sanitizer run
S-5.3-03,5.3,credit reservation precedes worker allocation,src/modelnet/transfer_session.cpp,CreditBroker;GlobalTransferCredits,src/test/modelnet_network02_tests.cpp,src/test/modelnet_network02_tests.cpp,IMPLEMENTED_AND_PROVEN,continue-20260917-round3,
S-5.3-04,5.3,reservations released exactly once on completion/error/cancel,src/modelnet/transfer_session.cpp,CreditBroker;ThreadJoin,src/test/modelnet_convergence_tests.cpp;src/test/modelnet_vstar_regression_tests.cpp,src/test/modelnet_vstar_regression_tests.cpp,IMPLEMENTED_AND_PROVEN,continue-20260917-round3,double-release regression present
S-5.3-05,5.3,visibility order: verified -> durable -> catalog generation -> announcement,src/modelnet/store.cpp;src/modelnet/catalog.cpp,PutVerifiedPiece;ModelCatalog,src/test/modelnet_network02_tests.cpp,src/test/modelnet_network02_tests.cpp,IMPLEMENTED_AND_PROVEN,continue-20260917-round3,
S-5.3-06,5.3,a database commit without durable backing is not AVAILABLE,src/modelnet/residency_state.cpp,RemoteExistenceImpliesVerifiedRemote,src/test/modelnet_store2_tests.cpp;src/test/modelnet_r2_storage_tests.cpp,src/test/modelnet_r2_storage_tests.cpp,IMPLEMENTED_AND_PROVEN,continue-20260917-round3,RemoteExistenceImpliesVerifiedRemote() asserted false
S-5.3-07,5.3,journaled metadata with transactional updates; no second inconsistent catalogue,src/modelnet/store.cpp;src/modelnet/catalog.cpp,ModelStore;ModelCatalog,src/test/modelnet_store2_tests.cpp,audit/architecture-canonicalization.md,IMPLEMENTED_WITH_GAP,continue-20260917-round3,catalog is not on PieceStore/S3; recorded as an honest NOT_RUN in the unique-todo set
S-5.3-08,5.3,0.34.7 migration with backup/schema version/restartable steps/rollback,src/modelnet/store.cpp,ModelStore,src/test/modelnet_mig_doc_tests.cpp,src/test/modelnet_mig_doc_tests.cpp,IMPLEMENTED_NOT_YET_PROVEN,continue-20260917-round3,doc+schema tests exist; no 0.34.7->0.34.8 datadir migration executed
S-5.3-09,5.3,no migration deletes old verified data until the replacement is verified and committed,src/modelnet/store.cpp,ModelStore,src/test/modelnet_mig_doc_tests.cpp,src/test/modelnet_mig_doc_tests.cpp,IMPLEMENTED_NOT_YET_PROVEN,continue-20260917-round3,rule documented; not exercised on a real old datadir
S-6.1-01,6.1,parse within byte/nesting/field/file-count limits before allocating file vectors,src/modelnet/verified_manifest.cpp;src/modelnet/canonical_codec.cpp,VerifyManifestAgainstRequest,src/test/modelnet_network02_tests.cpp;src/test/modelnet_r10_security_tests.cpp,src/test/modelnet_r10_security_tests.cpp,IMPLEMENTED_AND_PROVEN,continue-20260917-round3,
S-6.1-02,6.1,reject duplicate fields/invalid enums/unsafe paths/path collisions/overflow/contradictory sizes,src/modelnet/verified_manifest.cpp;src/modelnet/store.cpp,VerifyManifestAgainstRequest;IsPortableRelPath,src/test/modelnet_network02_tests.cpp,src/test/modelnet_network02_tests.cpp,IMPLEMENTED_AND_PROVEN,continue-20260917-round3,
S-6.1-03,6.1,preserve exact existing canonical ordering and encoding,src/modelnet/canonical_codec.cpp,canonical_codec,src/test/modelnet_network02_tests.cpp;src/test/modelnet_vstar_regression_tests.cpp,src/test/modelnet_vstar_regression_tests.cpp,IMPLEMENTED_AND_PROVEN,continue-20260917-round3,
S-6.1-04,6.1,derive ModelCore and ArtifactCore and compare every requested identity,src/modelnet/verified_manifest.cpp;src/modelnet/cores.cpp,VerifyManifestAgainstRequest;cores,src/test/modelnet_network02_tests.cpp,src/test/modelnet_network02_tests.cpp,IMPLEMENTED_AND_PROVEN,continue-20260917-round3,
S-6.1-05,6.1,reconstruct config/tokenizer commitments exactly as the canonical codec requires,src/modelnet/canonical_codec.cpp,canonical_codec,src/test/modelnet_network02_tests.cpp,src/test/modelnet_network02_tests.cpp,IMPLEMENTED_AND_PROVEN,continue-20260917-round3,
S-6.1-06,6.1,validate content type separately from identity,src/modelnet/catalog.cpp,GuessFileRole;FileRole,src/test/modelnet_network02_tests.cpp,src/test/modelnet_network02_tests.cpp,IMPLEMENTED_AND_PROVEN,continue-20260917-round3,
S-6.1-07,6.1,a self-consistent manifest Y for request X fails ID_MISMATCH before writes or publication,src/modelnet/verified_manifest.cpp,VerifyManifestAgainstRequest,src/test/modelnet_network02_tests.cpp;src/test/modelnet_convergence_tests.cpp,src/test/modelnet_network02_tests.cpp,IMPLEMENTED_AND_PROVEN,continue-20260917-round3,
S-6.1-08,6.1,provider headers may repeat size/root but a mismatch is an error and cannot replace commitments,src/modelnet/catalog.cpp,PutFetchedPiece,src/test/modelnet_convergence_tests.cpp,src/test/modelnet_convergence_tests.cpp,IMPLEMENTED_AND_PROVEN,continue-20260917-round3,
S-6.1-09,6.1,unknown artifacts live in quarantine under a local import UUID never the verified public store,src/modelnet/import_coordinator.cpp;src/modelnet/catalog.cpp,ImportPhase;PutFetchedPiece,src/test/modelnet_network02_import_tests.cpp,src/test/modelnet_network02_import_tests.cpp,IMPLEMENTED_AND_PROVEN,continue-20260917-round3,
S-6.2-01,6.2,for an existing BTX resource the expected manifest and piece roots are known up front,src/modelnet/verified_manifest.cpp,VerifiedManifest,src/test/modelnet_network02_tests.cpp,src/test/modelnet_network02_tests.cpp,IMPLEMENTED_AND_PROVEN,continue-20260917-round3,
S-6.2-02,6.2,incoming complete pieces may be served incrementally after durable commitment,src/modelnet/store.cpp;src/modelnet/piece_ranges.cpp,PutVerifiedPiece;PieceComplete,src/test/modelnet_network02_tests.cpp,src/test/modelnet_network02_tests.cpp,IMPLEMENTED_AND_PROVEN,continue-20260917-round3,
S-6.2-03,6.2,for a new import compute digests under a local staging identity; do not fabricate a final model ID,src/modelnet/import_coordinator.cpp,ImportCoordinator;staging_artifact,src/test/modelnet_network02_import_tests.cpp;src/test/modelnet_r3_import_tests.cpp,src/test/modelnet_r3_import_tests.cpp,IMPLEMENTED_AND_PROVEN,continue-20260917-round3,
S-6.2-04,6.2,do not announce early bytes of a new import as the completed model,src/modelnet/import_coordinator.cpp,ImportPhase,src/test/modelnet_r3_import_tests.cpp,src/test/modelnet_r3_import_tests.cpp,IMPLEMENTED_AND_PROVEN,continue-20260917-round3,
S-6.2-05,6.2,source-native hashes verifiable during staging but only canonical construction creates the resource,src/modelnet/import_coordinator.cpp;src/modelnet/source_torrent.cpp,ImportCoordinator,src/test/modelnet_r3_import_tests.cpp,src/test/modelnet_r3_import_tests.cpp,IMPLEMENTED_AND_PROVEN,continue-20260917-round3,
S-6.2-06,6.2,a .btx carrying a verified canonical manifest permits early canonical-piece promotion,src/modelnet/package_acquisition.cpp;src/modelnet/verified_manifest.cpp,package_acquisition;VerifyManifestAgainstRequest,src/test/modelnet_r7_package_tests.cpp,src/test/modelnet_r7_package_tests.cpp,IMPLEMENTED_AND_PROVEN,continue-20260917-round3,
S-6.2-07,6.2,a bare HF URL/filename/infohash does not permit early promotion,src/modelnet/source_policy.cpp;src/modelnet/import_coordinator.cpp,SourceLocatorAllowed,src/test/modelnet_r3_import_tests.cpp,src/test/modelnet_r3_import_tests.cpp,IMPLEMENTED_AND_PROVEN,continue-20260917-round3,
S-6.3-01,6.3,commit rechecks byte length/canonical leaf/proof before atomic publication,src/modelnet/store.cpp,PutVerifiedPiece;VerifyPiece;ChunkLeaf,src/test/modelnet_network02_tests.cpp,src/test/modelnet_network02_tests.cpp,IMPLEMENTED_AND_PROVEN,continue-20260917-round3,
S-6.3-02,6.3,existing files are checked not accepted because a path exists,src/modelnet/store.cpp,VerifyPiece,src/test/modelnet_gap_store_tests.cpp;src/test/modelnet_store2_tests.cpp,src/test/modelnet_store2_tests.cpp,IMPLEMENTED_AND_PROVEN,continue-20260917-round3,
S-6.3-03,6.3,reads limited to the expected maximum piece length so corruption cannot cause unbounded allocation,src/modelnet/store.cpp;src/modelnet/subpiece.cpp,PiecePayloadBytes,src/test/modelnet_network02_audit_tests.cpp;src/test/modelnet_r10_security_tests.cpp,src/test/modelnet_r10_security_tests.cpp,IMPLEMENTED_AND_PROVEN,continue-20260917-round3,
S-6.3-04,6.3,proof/index and residency transaction persisted with recoverable ordering,src/modelnet/store.cpp;src/modelnet/residency_state.cpp,PieceIndex;NetworkResidency,src/test/modelnet_store2_tests.cpp,src/test/modelnet_store2_tests.cpp,IMPLEMENTED_AND_PROVEN,continue-20260917-round3,
S-6.3-05,6.3,crash-injection tests cover every commitment boundary,src/modelnet/store.cpp;src/modelnet/multipart_journal.cpp,MultipartJournal,src/test/modelnet_n02_journey2_iso_tests.cpp;src/test/modelnet_gap_store_tests.cpp,src/test/modelnet_n02_journey2_iso_tests.cpp,IMPLEMENTED_WITH_GAP,continue-20260917-round3,multipart and piece-commit boundaries injected; not every boundary (no kill -9 process crash)
S-6.3-06,6.3,on restart disagreement quarantine or reverify; never upgrade state by filename,src/modelnet/store.cpp;src/modelnet/residency_state.cpp,ModelStore;NetworkResidency,src/test/modelnet_store2_tests.cpp,src/test/modelnet_store2_tests.cpp,IMPLEMENTED_AND_PROVEN,continue-20260917-round3,
S-7.1-01,7.1,each acquisition has a durable Job plus a live TransferSession,src/modelnet/transfer_session.cpp;src/modelnet/transfer.cpp,TransferSession,src/test/modelnet_convergence_tests.cpp,src/test/modelnet_convergence_tests.cpp,IMPLEMENTED_AND_PROVEN,continue-20260917-round3,
S-7.1-02,7.1,session owns manifest/profile/missing ranges/observations/metrics/ledger/quota/generation/completed set,src/modelnet/transfer_session.h,TransferSession;TransferRequest,src/test/modelnet_convergence_tests.cpp,src/test/modelnet_convergence_tests.cpp,IMPLEMENTED_WITH_GAP,continue-20260917-round3,"all nine fields present; peer_metrics is never populated from the live path (audit/r1-swarm.md, ObservePeer uncalled)"
S-7.1-03,7.1,request states QUEUED->CREDIT_RESERVED->SENT->RECEIVING->VERIFYING->COMMITTED or CANCELLED/FAILED,src/modelnet/transfer_session.h,TransferRequest,src/test/modelnet_convergence_tests.cpp,src/test/modelnet_convergence_tests.cpp,IMPLEMENTED_AND_PROVEN,continue-20260917-round3,
S-7.1-04,7.1,only COMMITTED advances unique progress,src/modelnet/transfer_session.cpp,TransferSession,src/test/modelnet_convergence_tests.cpp,src/test/modelnet_convergence_tests.cpp,IMPLEMENTED_AND_PROVEN,continue-20260917-round3,
S-7.1-05,7.1,duplicate winner compare-and-commits; losers release without incrementing useful bytes,src/modelnet/transfer_session.cpp;src/modelnet/catalog.cpp,TransferSession;PutFetchedPiece,src/test/modelnet_convergence_tests.cpp,src/test/modelnet_convergence_tests.cpp,IMPLEMENTED_AND_PROVEN,continue-20260917-round3,
S-7.1-06,7.1,rescheduling on provider arrival/loss/range change/progress/timeout/pressure/budget change,src/modelnet/transfer_session.cpp;src/modelnet/helper.cpp,TransferSession;RetrieveFreeFromPeer,src/test/modelnet_convergence_tests.cpp;src/test/modelnet_r1_swarm_tests.cpp,audit/r1-swarm.md,IMPLEMENTED_WITH_GAP,continue-20260917-round3,session supports rerun; the production retrieve path invokes the picker once
S-7.1-07,7.1,no vector proportional to peers x pieces per tick; interval indexes and incremental rarity,src/modelnet/piece_ranges.cpp;src/modelnet/piece_picker.cpp,CompactPieceRanges;PickRarestFirst,src/test/modelnet_scale_sparse_tests.cpp;src/test/modelnet_convergence_tests.cpp,src/test/modelnet_scale_sparse_tests.cpp,IMPLEMENTED_AND_PROVEN,continue-20260917-round3,
S-7.1-08,7.1,work per tick capped and yielded fairly between transfers,src/modelnet/piece_picker.cpp;src/modelnet/transfer_session.cpp,PickRarestFirst;CreditBroker,src/test/modelnet_convergence_tests.cpp,src/test/modelnet_convergence_tests.cpp,IMPLEMENTED_AND_PROVEN,continue-20260917-round3,
S-7.2-01,7.2,per-peer inflight target from smoothed verified rate times an adaptive horizon,src/modelnet/piece_picker.cpp,RequestWindowBytes,src/test/modelnet_swarm_tests.cpp;src/test/modelnet_r1_swarm_tests.cpp,audit/r1-swarm.md,IMPLEMENTED_WITH_GAP,continue-20260917-round3,"function is correct in unit tests; throughput_bps is never set on the live path, so the window is effectively static"
S-7.2-02,7.2,min/max windows plus RTT and timeout penalties applied,src/modelnet/piece_picker.cpp,RequestWindowBytes,src/test/modelnet_swarm_tests.cpp,src/test/modelnet_swarm_tests.cpp,IMPLEMENTED_AND_PROVEN,continue-20260917-round3,
S-7.2-03,7.2,unknown peers begin with a small probe allocation,src/modelnet/piece_picker.cpp,RequestWindowBytes;SourceIsFresh,src/test/modelnet_network02_tests.cpp,src/test/modelnet_network02_tests.cpp,IMPLEMENTED_AND_PROVEN,continue-20260917-round3,
S-7.2-04,7.2,all jobs share one memory and network-credit broker so 100 jobs cannot multiply a per-job cap,src/modelnet/transfer_session.cpp,CreditBroker;GlobalTransferCredits,src/test/modelnet_network02_tests.cpp;src/test/modelnet_convergence_tests.cpp,src/test/modelnet_network02_tests.cpp,IMPLEMENTED_AND_PROVEN,continue-20260917-round3,
S-7.2-05,7.2,a rare-piece reservation floor helps a sole slow source without bypassing global limits,src/modelnet/piece_picker.cpp,PickRarestFirst;CreditBroker,src/test/modelnet_network02_tests.cpp,src/test/modelnet_network02_tests.cpp,IMPLEMENTED_AND_PROVEN,continue-20260917-round3,
S-7.2-06,7.2,zero available credit means wait,src/modelnet/transfer_session.cpp,CreditBroker,src/test/modelnet_network02_tests.cpp,src/test/modelnet_network02_tests.cpp,IMPLEMENTED_AND_PROVEN,continue-20260917-round3,empty window means no allocation
S-7.2-07,7.2,claimed bandwidth/endgame duplicates/rejected bytes cannot raise a useful-throughput score,src/modelnet/piece_picker.cpp,MetricsFailed;ObservePeer,src/test/modelnet_r1_swarm_tests.cpp,audit/r1-swarm.md,IMPLEMENTED_AND_PROVEN,continue-20260917-round3,throughput_bps only ever set from ObservePeer; FAILED and invalid_piece_count>=2 peers excluded
S-7.3-01,7.3,cancel uses request IDs and session generation,src/modelnet/transfer_session.cpp;src/modelnet/piece_picker.cpp,TransferSession::Cancel;CancelAfterCommit,src/test/modelnet_convergence_tests.cpp;src/test/modelnet_swarm_tests.cpp,audit/r1-swarm.md,IMPLEMENTED_WITH_GAP,r-disposition-round2-20260917,re-disposed on R1-05: CancelAfterCommit's only call site is modelnet_swarm_tests.cpp:195 and production keys request ids by piece index (helper.cpp:8210-8212) so the second endgame assignment overwrites the first and that request is never Committed Failed or Cancelled
S-7.3-02,7.3,native peers support remote CANCEL; legacy peers close/detach the bounded transfer,src/modelnet/protocol.cpp;src/modelnet/transfer_session.cpp,TransferSession::Cancel,src/test/modelnet_convergence_tests.cpp,src/test/modelnet_convergence_tests.cpp,IMPLEMENTED_NOT_YET_PROVEN,continue-20260917-round3,in-process cancel proven; over-the-wire CANCEL to a legacy peer NOT_RUN
S-7.3-03,7.3,local reservations released promptly even when the remote ignores cancellation,src/modelnet/transfer_session.cpp,CreditBroker;ThreadJoin;m_outstanding,src/test/modelnet_convergence_tests.cpp,audit/r1-swarm.md,IMPLEMENTED_WITH_GAP,r-disposition-round2-20260917,re-disposed on R1-05: an overwritten endgame request keeps its PIECE_SIZE reserved in GlobalTransferCredits and its tuple in m_outstanding until the per-file TransferSession destructor runs Cancel — that is teardown not prompt release
S-7.3-04,7.3,slow/snubbed/failed states decay and permit bounded recovery probes,src/modelnet/piece_picker.cpp,ClassifyPeer;ObservePeer;PeerXferState,src/test/modelnet_swarm_tests.cpp,audit/r1-swarm.md,MISSING,r-disposition-round2-20260917,re-disposed on R1-04 which states this spec clause is unimplemented in production: ObservePeer and ClassifyPeer have no production call site so PeerXferState is permanently ACTIVE no peer is ever SLOW or SNUBBED and nothing decays
S-7.3-05,7.3,preserve the only remaining valid source rather than blacklist it for one transient error,src/modelnet/piece_picker.cpp;src/modelnet/router.cpp,MetricsFailed;NegativeResolveCache,src/test/modelnet_convergence_tests.cpp,src/test/modelnet_convergence_tests.cpp,IMPLEMENTED_AND_PROVEN,continue-20260917-round3,
S-7.3-06,7.3,a complete-piece proof mismatch supports isolating that one response,src/modelnet/catalog.cpp;src/modelnet/piece_picker.cpp,PutFetchedPiece;invalid_piece_count;MetricsFailed,src/test/modelnet_convergence_tests.cpp,audit/r1-swarm.md,IMPLEMENTED_WITH_GAP,r-disposition-round2-20260917,rejection at PutFetchedPiece is sound and MetricsFailed can exclude a peer at invalid_piece_count>=2; R1-04 records that invalid_piece_count is never incremented anywhere in src/modelnet so the isolation input is never produced
S-7.3-07,7.3,mixed-source subpiece failure reports uncertain attribution and bans nobody,src/modelnet/subpiece.cpp,SubpieceAssembly,src/test/modelnet_network02_audit_tests.cpp,audit/r1-swarm.md,IMPLEMENTED_NOT_YET_PROVEN,r-disposition-round2-20260917,bans-nobody holds but only vacuously: R1-X1 finds no subpiece is ever negotiated so no mixed-source assembly can fail in production
S-7.4-01,7.4,SUBPIECE_V1 splits requests at a 256 KiB baseline preserving 4 MiB canonical boundaries,src/modelnet/subpiece.cpp,SUBPIECE_V1;SubpieceRequest,src/test/modelnet_network02_audit_tests.cpp,audit/r1-swarm.md,IMPLEMENTED_WITH_GAP,r-disposition-round2-20260917,re-disposed on R1-X1: the request type and validators exist and are unit-proven but there is no 256 KiB negotiation on the live path — PIECE_SIZE 4 MiB is the only transport granularity and FULL_FILE_STREAM_V1 has no piece boundaries at all
S-7.4-02,7.4,a request identifies artifact/file/piece/offset-in-piece/exact length/request ID,src/modelnet/subpiece.cpp,SubpieceRequest;ParseSubpieceRequest,src/test/modelnet_network02_audit_tests.cpp,src/test/modelnet_network02_audit_tests.cpp,IMPLEMENTED_AND_PROVEN,continue-20260917-round3,
S-7.4-03,7.4,reject overlap/overflow/out-of-piece ranges,src/modelnet/subpiece.cpp,SubpieceRangesOverlap;ValidateSubpieceRequest;PiecePayloadBytes,src/test/modelnet_network02_audit_tests.cpp,src/test/modelnet_network02_audit_tests.cpp,IMPLEMENTED_AND_PROVEN,continue-20260917-round3,
S-7.4-04,7.4,assemble in bounded temporary storage,src/modelnet/subpiece.cpp,SubpieceAssembly,src/test/modelnet_network02_audit_tests.cpp,audit/r1-swarm.md,IMPLEMENTED_NOT_YET_PROVEN,r-disposition-round2-20260917,the assembly type is bounded in unit tests; R1-X1 records that no bounded assembly storage is exercised because no subpiece ever arrives
S-7.4-05,7.4,only the full canonical piece plus proof becomes verified and advertised,src/modelnet/subpiece.cpp,AdvertiseFullPieceOnly,src/test/modelnet_network02_audit_tests.cpp,src/test/modelnet_network02_audit_tests.cpp,IMPLEMENTED_AND_PROVEN,continue-20260917-round3,AdvertiseFullPieceOnly() asserted true
S-7.4-06,7.4,an optional subhash descriptor cannot silently replace canonical authority,src/modelnet/subpiece.cpp,AdvertiseFullPieceOnly,src/test/modelnet_network02_audit_tests.cpp,src/test/modelnet_network02_audit_tests.cpp,IMPLEMENTED_AND_PROVEN,continue-20260917-round3,
S-7.4-07,7.4,defaults enforced: 16 assemblies/session 256 MiB total 4 peers per assembly 2 endgame copies,src/modelnet/subpiece.cpp;src/modelnet/transfer_session.cpp,SubpieceAssembly;CreditBroker,src/test/modelnet_network02_audit_tests.cpp,audit/r1-swarm.md,MISSING,r-disposition-round2-20260917,re-disposed on R1-X1 which finds no per-assembly contributor cap and no cross-session assembly ceiling; the endgame duplicate count is real but the other three defaults have nothing to bound
S-7.4-08,7.4,old peers continue serving complete pieces,src/modelnet/hello_caps.cpp;src/modelnet/subpiece.cpp,HelloHasCapability,src/test/modelnet_network02_audit_tests.cpp,src/test/modelnet_network02_audit_tests.cpp,IMPLEMENTED_AND_PROVEN,continue-20260917-round3,
S-8.1-01,8.1,one upload admission scheduler sits above transport workers,src/modelnet/upload_scheduler_drr.cpp;src/modelnet/helper_network02.cpp,UploadSchedulerDrr;TryAdmitModelUpload,src/test/modelnet_convergence_tests.cpp;src/test/modelnet_network02_ef_tests.cpp,src/test/modelnet_convergence_tests.cpp,IMPLEMENTED_AND_PROVEN,continue-20260917-round3,
S-8.1-02,8.1,finite active slots grown/shrunk with hysteresis from measured service and queue delay,src/modelnet/upload_scheduler_drr.cpp;src/modelnet/bulk_controller.cpp,UploadSchedulerDrr;LowPriorityBulkController,src/test/modelnet_upload_scale_tests.cpp;src/test/modelnet_convergence_tests.cpp,src/test/modelnet_convergence_tests.cpp,IMPLEMENTED_AND_PROVEN,continue-20260917-round3,
S-8.1-03,8.1,connection count is not upload-slot count,src/modelnet/upload_scheduler_drr.cpp,UploadSchedulerDrr,src/test/modelnet_upload_scale_tests.cpp,src/test/modelnet_upload_scale_tests.cpp,IMPLEMENTED_AND_PROVEN,continue-20260917-round3,
S-8.1-04,8.1,deficit round robin with bounded class weights inside the governor budget,src/modelnet/upload_scheduler_drr.cpp,UploadSchedulerDrr;UploadDecision,src/test/modelnet_convergence_tests.cpp;src/test/modelnet_network02_ef_tests.cpp,src/test/modelnet_convergence_tests.cpp,IMPLEMENTED_AND_PROVEN,continue-20260917-round3,mixed classes with 100/1k/10k queued in-process
S-8.1-05,8.1,minimum opportunity preserved for newcomers and normal peers,src/modelnet/upload_scheduler_drr.cpp,UploadSchedulerDrr,src/test/modelnet_convergence_tests.cpp,src/test/modelnet_convergence_tests.cpp,IMPLEMENTED_AND_PROVEN,continue-20260917-round3,
S-8.1-06,8.1,a rarity or reciprocity boost cannot monopolize all bandwidth,src/modelnet/upload_scheduler_drr.cpp;src/modelnet/reciprocity.cpp,UploadSchedulerDrr;reciprocity,src/test/modelnet_convergence_tests.cpp,src/test/modelnet_convergence_tests.cpp,IMPLEMENTED_AND_PROVEN,continue-20260917-round3,bounded multiplier not absolute priority
S-8.1-07,8.1,bounded rare lane plus a rotating exploratory slot,src/modelnet/upload_scheduler_drr.cpp,UploadSchedulerDrr,src/test/modelnet_convergence_tests.cpp,src/test/modelnet_convergence_tests.cpp,IMPLEMENTED_AND_PROVEN,continue-20260917-round3,
S-8.1-08,8.1,per-identity and netgroup limits without treating identities as independent humans,src/modelnet/upload_scheduler_drr.cpp;src/modelnet/piece_picker.cpp,NetgroupKey;DiversityKey,src/test/modelnet_convergence_tests.cpp,src/test/modelnet_convergence_tests.cpp,IMPLEMENTED_AND_PROVEN,continue-20260917-round3,
S-8.1-09,8.1,slow receivers cannot hold unlimited buffers,src/modelnet/upload_scheduler_drr.cpp;src/modelnet/io_executor.cpp,UploadSchedulerDrr;IoExecutor,src/test/modelnet_upload_scale_tests.cpp,src/test/modelnet_upload_scale_tests.cpp,IMPLEMENTED_AND_PROVEN,continue-20260917-round3,
S-8.1-10,8.1,native P2P + relayed + cloud-proxied + reverse torrent all counted in host accounting,src/modelnet/upload_scheduler_drr.cpp;src/modelnet/source_torrent.cpp,UploadSchedulerDrr;ReverseTorrentBridge,src/test/modelnet_r3_import_tests.cpp,src/test/modelnet_r3_import_tests.cpp,IMPLEMENTED_WITH_GAP,continue-20260917-round3,accounting classes exist; reverse torrent traffic never measured (torrentd OPERATOR_GATED)
S-8.1-11,8.1,relay transit and provider payload are separate accounting classes,src/modelnet/relay_reserve.cpp;src/modelnet/upload_scheduler_drr.cpp,relay_reserve;UploadSchedulerDrr,src/test/modelnet_conn_tests.cpp,src/test/modelnet_conn_tests.cpp,IMPLEMENTED_AND_PROVEN,continue-20260917-round3,
S-8.1-12,8.1,a provider's throughput grants no monetary or search-ranking authority,src/modelnet/query_router.cpp,ProviderThroughputIsRankingAuthority,src/test/modelnet_r4_route_tests.cpp,src/test/modelnet_r4_route_tests.cpp,IMPLEMENTED_AND_PROVEN,continue-20260917-round3,ProviderThroughputIsRankingAuthority() asserted false
S-8.2-01,8.2,queue delay estimated from RTT minus a conservative rolling baseline,src/modelnet/bulk_controller.cpp,LowPriorityBulkController,src/test/modelnet_convergence_tests.cpp;src/test/modelnet_network02_audit_tests.cpp,src/test/modelnet_convergence_tests.cpp,IMPLEMENTED_AND_PROVEN,continue-20260917-round3,
S-8.2-02,8.2,a sustained rise reduces background upload quickly; recovery increases it slowly,src/modelnet/bulk_controller.cpp,LowPriorityBulkController,src/test/modelnet_convergence_tests.cpp,src/test/modelnet_convergence_tests.cpp,IMPLEMENTED_AND_PROVEN,continue-20260917-round3,hysteresis asymmetry proven
S-8.2-03,8.2,multiple healthy measurements and UNKNOWN states prevent one peer controlling throttling,src/modelnet/bulk_controller.cpp,LowPriorityBulkController,src/test/modelnet_convergence_tests.cpp,src/test/modelnet_convergence_tests.cpp,IMPLEMENTED_AND_PROVEN,continue-20260917-round3,
S-8.2-04,8.2,foreground retrieval and control messages retain bounded priority,src/modelnet/bulk_controller.cpp;src/modelnet/upload_scheduler_drr.cpp,LowPriorityBulkController,src/test/modelnet_upload_scale_tests.cpp,src/test/modelnet_upload_scale_tests.cpp,IMPLEMENTED_AND_PROVEN,continue-20260917-round3,
S-8.2-05,8.2,benchmarked against fixed-cap TCP and libtorrent under shaped link/loss/latency,n/a,n/a,n/a,audit/performance-0.34.8.md,MISSING,continue-20260917-round3,no bufferbloat lab; no shaped-uplink RTT run. performance-0.34.8.md is not a hardware lab
S-8.2-06,8.2,useful payload throughput and foreground p95 latency recorded together,audit/performance-0.34.8.md,n/a,n/a,audit/performance-0.34.8.md,IMPLEMENTED_WITH_GAP,continue-20260917-round3,"counters exist; the only live number is a 45-byte fixture (~222 B/s), explicitly not a throughput rating"
S-8.2-07,8.2,improvement claimed only where measured,audit/performance-0.34.8.md,n/a,n/a,audit/performance-0.34.8.md,IMPLEMENTED_AND_PROVEN,continue-20260917-round3,performance doc disclaims the 45-byte figure
S-8.3-01,8.3,uTP/LEDBAT-shaped low-priority transfer prototype or documented compatibility result,src/modelnet/helper.cpp,evaluated_transport,src/test/modelnet_network02_audit_tests.cpp;src/test/modelnet_unique_todo_tests.cpp,/home/administrator/Documents/btxchain/.0348-network02-evaluated-transport.local.md,DEFERRED_WITH_EVIDENCE,continue-20260917-round3,uTP NONSHIPPING with operator disposition
S-8.3-02,8.3,QUIC prototype or documented compatibility result,src/modelnet/helper.cpp,evaluated_transport,src/test/modelnet_unique_todo_tests.cpp,contrib/modelnet/e2e-quic-absent.sh,DEFERRED_WITH_EVIDENCE,continue-20260917-round3,QUIC NONSHIPPING; e2e-quic-absent.sh asserts no QUIC listener
S-8.3-03,8.3,a reliable UDP library does not authenticate BTX peers,src/modelnet/transport_pq.cpp,transport_pq,src/test/modelnet_b0_pq_rest_tests.cpp,/home/administrator/Documents/btxchain/.0348-network02-evaluated-transport.local.md,IMPLEMENTED_AND_PROVEN,continue-20260917-round3,recorded as the blocking finding
S-8.3-04,8.3,no assumption that Ed25519 Iroh or default QUIC TLS equals strict PQ1,src/modelnet/pq1_runtime.cpp,pq1_runtime,src/test/modelnet_b0_pq_rest_tests.cpp,/home/administrator/Documents/btxchain/.0348-network02-evaluated-transport.local.md,IMPLEMENTED_AND_PROVEN,continue-20260917-round3,
S-8.3-05,8.3,nonshipping experimental capability retained with operator approval rather than advertised complete,src/modelnet/hello_caps.cpp,HelloCapabilityArray,src/test/modelnet_network02_audit_tests.cpp,src/test/modelnet_network02_audit_tests.cpp,DEFERRED_WITH_EVIDENCE,continue-20260917-round3,no uTP/QUIC capability bit advertised
S-8.4-01,8.4,the initial provider advertises real availability not a false missing bitfield,src/modelnet/bootstrap_distributor.cpp,BootstrapDistributor,src/test/modelnet_network02_tests.cpp;src/test/modelnet_convergence_tests.cpp,src/test/modelnet_convergence_tests.cpp,IMPLEMENTED_AND_PROVEN,continue-20260917-round3,
S-8.4-02,8.4,bounded leases for distinct scarce contiguous extents to different peers,src/modelnet/bootstrap_distributor.cpp,BootstrapLease;BootstrapDistributor::AssignLease,src/test/modelnet_convergence_tests.cpp,audit/r1-swarm.md,IMPLEMENTED_WITH_GAP,r-disposition-round2-20260917,AssignLease picks a non-overlapping gap and conv_bootstrap_twenty_buyers_distinct_leases proves it in-process; R1-X2 records that RetrieveFreeFromPeer never consults the distributor so no live transfer is lease-driven and 20 real buyers is NOT_RUN
S-8.4-03,8.4,each lease tracks extent/sent-verified/expiry/approximate downstream replication,src/modelnet/bootstrap_distributor.cpp,BootstrapLease,src/test/modelnet_convergence_tests.cpp,audit/r1-swarm.md,IMPLEMENTED_WITH_GAP,r-disposition-round2-20260917,BootstrapLease carries peer/offset/length/expiry_ms/sent_bytes so extent and expiry are real; sent_bytes is an unverified counter incremented by NoteSent with no proof of receipt and there is no downstream-replication field at all
S-8.4-04,8.4,loss or timeout reassigns the unpropagated extent,src/modelnet/bootstrap_distributor.cpp,BootstrapDistributor::Expire;AssignLease,src/test/modelnet_convergence_tests.cpp,audit/r1-swarm.md,IMPLEMENTED_WITH_GAP,r-disposition-round2-20260917,Expire drops a stale lease and AssignLease then re-offers that gap so reassignment works in-process; R1-X2 records no expiry-driven reassignment on any production path and loss other than TTL expiry is not detected
S-8.4-05,8.4,do not wait indefinitely for a receiver to prove reseeding,src/modelnet/bootstrap_distributor.cpp,BootstrapLease::expiry_ms;Expire,src/test/modelnet_convergence_tests.cpp,audit/r1-swarm.md,IMPLEMENTED_WITH_GAP,r-disposition-round2-20260917,the TTL bound exists and is unit-exercised; nothing in production calls Expire so the bound has no runtime effect today
S-8.4-06,8.4,three objectives optimized: time to usable pieces / origin cost / time to origin independence,src/modelnet/bootstrap_distributor.cpp,BootstrapDistributor,src/test/modelnet_convergence_tests.cpp,src/test/modelnet_convergence_tests.cpp,IMPLEMENTED_NOT_YET_PROVEN,continue-20260917-round3,objectives modelled; no measured multi-GiB comparison
S-8.4-07,8.4,sequential cloud reads constrain the schedule: extents as the stream reaches them + bounded spool + detach slow peers,src/modelnet/bootstrap_distributor.cpp;src/modelnet/origin_broker.cpp,BootstrapDistributor;OriginBroker,src/test/modelnet_network02_ef_tests.cpp,src/test/modelnet_network02_ef_tests.cpp,IMPLEMENTED_NOT_YET_PROVEN,continue-20260917-round3,FakeS3 sequential read only
S-8.4-08,8.4,no claim that one GET satisfies arbitrarily timed random requests,src/modelnet/cloud_layout.cpp;src/modelnet/file_stream.cpp,EstimatedGetsPerColdRetrieval;CloudAmplificationJson,src/test/modelnet_cloud_tests.cpp;src/test/modelnet_convergence_tests.cpp,audit/r2-storage.md,IMPLEMENTED_WITH_GAP,r-disposition-round2-20260917,the spec text is not violated for random requests but the published cold-retrieval number is wrong in the other direction - r2-storage §1.3 and R2S-02 find every surface reports one GET per file while the streaming path issues ceil(size / 64 KiB) billable GETs (6553600 for the 400 GiB illustration) and the GET ledger disagrees with the reported count
S-8.4-09,8.4,metrics separate unique/duplicate origin bytes P2P useful bytes full copies and per-piece diversity,src/modelnet/helper_network02.cpp,getbootstrapstatus,src/test/modelnet_network02_audit_tests.cpp,audit/r1-swarm.md,MISSING,r-disposition-round2-20260917,getbootstrapstatus returns only file_size_bytes lease_count and false_missing_advertised (helper_network02.cpp:926-929); R1-X2 confirms there is no origin-bytes accounting so none of the five required counters exist
S-8.4-10,8.4,origin independence proven by disabling origin+publisher and reconstructing on a fresh peer,contrib/modelnet/e2e-fresh-buyer.sh;src/modelnet/bootstrap_distributor.cpp,BootstrapIndependent,src/test/modelnet_r4_route_tests.cpp,audit/e2e/swam-live.log,IMPLEMENTED_WITH_GAP,continue-20260917-round3,BootstrapIndependent() unit-proven and a fresh-buyer script exists; the live run used the 45-byte fixture
S-8.4-11,8.4,a HAVE announcement alone is not proof of independence,src/modelnet/provider_route.cpp,LivePieceRangesRequireDirectQuery;StaleCacheIsNotAuthority,src/test/modelnet_r4_route_tests.cpp,src/test/modelnet_r4_route_tests.cpp,IMPLEMENTED_AND_PROVEN,continue-20260917-round3,
S-9.1-01,9.1,a PieceKey commitment does not dictate an object-store key,src/modelnet/piece_store.cpp;src/modelnet/object_layout.cpp,PieceObjectKey;PlanObjectLayout,src/test/modelnet_r2_storage_tests.cpp,src/test/modelnet_r2_storage_tests.cpp,IMPLEMENTED_AND_PROVEN,continue-20260917-round3,
S-9.1-02,9.1,PIECE_OBJECTS / WHOLE_FILE / LARGE_EXTENTS / AUTO supported per file,src/modelnet/object_layout.cpp,PhysicalObjectLayout;PlanObjectLayout,src/test/modelnet_r2_storage_tests.cpp;src/test/modelnet_convergence_tests.cpp,audit/e2e/minio-layouts.log,IMPLEMENTED_WITH_GAP,continue-20260917-round3,"arithmetic for all four proven natively, but e2e-minio-layouts records PIECE_OBJECTS as NOT_IMPLEMENTED (no object stored) and WHOLE_FILE/LARGE_EXTENTS as not cloud layouts at all"
S-9.1-03,9.1,original file boundaries preserved; metadata/tokenizer/weights may use different layouts,src/modelnet/object_layout.cpp;src/modelnet/catalog.cpp,PlanObjectLayout;GuessFileRole,src/test/modelnet_r2_storage_tests.cpp,src/test/modelnet_r2_storage_tests.cpp,IMPLEMENTED_AND_PROVEN,continue-20260917-round3,
S-9.1-04,9.1,backend mapping stores immutable object generation/offset/length and the commitment served,src/modelnet/piece_store.cpp;src/modelnet/s3_store.cpp,CloudObjectStore;S3PieceStore,src/test/modelnet_r2_storage_tests.cpp,audit/e2e/minio-layouts.log,IMPLEMENTED_WITH_GAP,continue-20260917-round3,mapping pinned and re-read after a helper restart against real MinIO; MinIO exposes no immutable version IDs so the version-ID path is still NOT_RUN
S-9.1-05,9.1,whole-file objects support sequential reads and coalesced ranges,src/modelnet/cloud_layout.cpp;src/modelnet/file_stream.cpp,CloudReadStrategy;FileStreamHydration::Ingest,src/test/modelnet_cloud_tests.cpp,audit/r2-storage.md,IMPLEMENTED_WITH_GAP,r-disposition-round2-20260917,sequential reads work against real MinIO and FakeS3; ranges are not coalesced - R2S-01 (HIGH) finds Ingest reads through a 64 KiB buffer and issues one billable RangeGet on a fresh TCP+TLS connection per read (Connection: close) and R2S-12 finds both coalescers are dead code never wired into the cloud path
S-9.1-06,9.1,LARGE_EXTENTS defaults to a power-of-two multiple of 4 MiB initially 256 MiB,src/modelnet/object_layout.cpp,LARGE_EXTENT_BYTES;LargeExtentCount,src/test/modelnet_r2_storage_tests.cpp,src/test/modelnet_r2_storage_tests.cpp,IMPLEMENTED_AND_PROVEN,continue-20260917-round3,
S-9.1-07,9.1,400 GiB arithmetic: 102400 pieces / 1600 extents / one whole-file object,src/modelnet/object_layout.cpp,CanonicalPieceCount;LargeExtentCount;WholeFileObjectCount,src/test/modelnet_r2_storage_tests.cpp;src/test/modelnet_convergence_tests.cpp,src/test/modelnet_convergence_tests.cpp,IMPLEMENTED_WITH_GAP,continue-20260917-round3,arithmetic proven; sustained 400 GiB I/O NOT_RUN
S-9.1-08,9.1,object count does not imply an equal upload request count,src/modelnet/object_layout.cpp,MultipartPartCount,src/test/modelnet_r2_storage_tests.cpp,src/test/modelnet_r2_storage_tests.cpp,IMPLEMENTED_AND_PROVEN,continue-20260917-round3,6400 UploadPart for one whole-file object
S-9.2-01,9.2,seven residency states tracked separately,src/modelnet/residency_state.cpp;src/modelnet/piece_store.h,NetworkResidency;PieceResidency;NetworkResidencyName,src/test/modelnet_store2_tests.cpp;src/test/modelnet_r2_storage_tests.cpp,src/test/modelnet_r2_storage_tests.cpp,IMPLEMENTED_AND_PROVEN,continue-20260917-round3,ABSENT/STAGING/VERIFIED_LOCAL/VERIFIED_REMOTE/VERIFIED_BOTH/REPAIRABLE/UNAVAILABLE
S-9.2-02,9.2,VERIFIED_REMOTE requires mapping + object completion + recorded integrity validation,src/modelnet/residency_state.cpp,RemoteExistenceImpliesVerifiedRemote;FromPieceResidency,src/test/modelnet_r2_storage_tests.cpp,src/test/modelnet_r2_storage_tests.cpp,IMPLEMENTED_AND_PROVEN,continue-20260917-round3,an old existence check is explicitly insufficient
S-9.2-03,9.2,refresh health before advertising; downgrade promptly after retrieval failure,src/modelnet/residency_state.cpp;src/modelnet/piece_store.cpp,PieceStoreHealth,src/test/modelnet_r2_storage_tests.cpp,src/test/modelnet_r2_storage_tests.cpp,IMPLEMENTED_AND_PROVEN,continue-20260917-round3,
S-9.2-04,9.2,without immutable version IDs use exclusive content-addressed keys and detect mutation canonically,src/modelnet/piece_store.cpp;src/modelnet/s3_store.cpp,PieceObjectKey;S3PieceStore,src/test/modelnet_r2_storage_tests.cpp,audit/e2e/minio-layouts.log,IMPLEMENTED_WITH_GAP,continue-20260917-round3,content-addressed exclusive keys exercised against real MinIO; no generation-mutation injection on a versioned backend
S-9.2-05,9.2,tiered reads use the local verified cache first,src/modelnet/piece_store.cpp,TieredPieceStore;TieredPieceStorePolicy,src/test/modelnet_store2_tests.cpp,src/test/modelnet_store2_tests.cpp,IMPLEMENTED_AND_PROVEN,continue-20260917-round3,
S-9.2-06,9.2,coalesce cloud reads by tenant/ACL + origin + generation + covering range,src/modelnet/cloud_layout.cpp;src/modelnet/s3_store.cpp,CloudReadStrategy;EstimatedGetsPerColdRetrieval,src/test/modelnet_cloud_tests.cpp;src/test/modelnet_convergence_tests.cpp,audit/r2-storage.md,MISSING,r-disposition-round2-20260917,re-disposed from WITH_GAP on R2S-12: both coalescers are dead code and no coalescer is wired into the cloud path at all - conv_coalesce_logical_clients_one_backend_get calls a pure arithmetic function and compares it to the literal 1000 so the 1000:1 claim proves nothing about coalescing and no real client fan-in was ever run
S-9.2-07,9.2,never coalesce confidential data across authority boundaries because keys match,src/modelnet/access_policy.cpp;src/modelnet/s3_store.cpp,access_policy,src/test/modelnet_r10_security_tests.cpp,src/test/modelnet_r10_security_tests.cpp,IMPLEMENTED_AND_PROVEN,continue-20260917-round3,
S-9.2-08,9.2,cache objects have leases; GC cannot delete an active buffer's durable backing,src/modelnet/piece_store.cpp;src/modelnet/store.cpp,TieredPieceStore;StoreQuota,src/test/modelnet_store2_tests.cpp;src/test/modelnet_gap_store_tests.cpp,src/test/modelnet_store2_tests.cpp,IMPLEMENTED_AND_PROVEN,continue-20260917-round3,
S-9.3-01,9.3,bounded read/write worker queues with read-ahead and contiguous coalescing,src/modelnet/io_executor.cpp;src/modelnet/file_stream.cpp,IoExecutor;FileStreamHydration::Ingest,src/test/modelnet_file_stream_tests.cpp;src/test/modelnet_network02_remain_tests.cpp,audit/r2-storage.md,IMPLEMENTED_WITH_GAP,r-disposition-round2-20260917,the bounded queues and the executor are real and unit-proven; the contiguous-coalescing leg is not reached on the cloud path - R2S-12 finds both coalescers dead and R2S-01 finds hydration reads 64 KiB at a time although kCloudStreamChunkBytes (8 MiB) already exists and would cut requests 128x
S-9.3-02,9.3,transport callbacks submit work and return; completions release buffers on the right executor,src/modelnet/io_executor.cpp,IoExecutor,src/test/modelnet_network02_remain_tests.cpp,src/test/modelnet_network02_remain_tests.cpp,IMPLEMENTED_AND_PROVEN,continue-20260917-round3,
S-9.3-03,9.3,portable pread/pwrite baseline,src/modelnet/file_stream.cpp,file_stream,src/test/modelnet_file_stream_tests.cpp,src/test/modelnet_file_stream_tests.cpp,IMPLEMENTED_AND_PROVEN,continue-20260917-round3,
S-9.3-04,9.3,zero-copy work must not bypass TLS encryption or canonical hashing,src/modelnet/file_stream.cpp;src/modelnet/store.cpp,VerifyPiece,src/test/modelnet_file_stream_tests.cpp,src/test/modelnet_file_stream_tests.cpp,IMPLEMENTED_AND_PROVEN,continue-20260917-round3,no zero-copy path bypasses VerifyPiece
S-9.3-05,9.3,persist verified-piece ranges and manifest generation not raw trusted HAVE flags,src/modelnet/piece_ranges.cpp;src/modelnet/store.cpp,CompactPieceRanges;PieceIndex,src/test/modelnet_store2_tests.cpp;src/test/modelnet_convergence_tests.cpp,src/test/modelnet_store2_tests.cpp,IMPLEMENTED_AND_PROVEN,continue-20260917-round3,
S-9.3-06,9.3,resume revalidates suspicious or changed files plus a configurable scrub policy,src/modelnet/store.cpp,ModelStore,src/test/modelnet_store2_tests.cpp;src/test/modelnet_gap_store_tests.cpp,src/test/modelnet_store2_tests.cpp,IMPLEMENTED_AND_PROVEN,continue-20260917-round3,
S-9.3-07,9.3,physical store reference counts and pins are transactional,src/modelnet/store.cpp;src/modelnet/piece_store.cpp,StoreQuota;PieceStoreHealth,src/test/modelnet_store2_tests.cpp,src/test/modelnet_store2_tests.cpp,IMPLEMENTED_AND_PROVEN,continue-20260917-round3,
S-9.3-08,9.3,a pin protects local data but cannot promise a third-party bucket never deletes,src/modelnet/residency_state.cpp;doc/modelnet/storage-backends.md,RemoteExistenceImpliesVerifiedRemote,src/test/modelnet_r2_storage_tests.cpp,doc/modelnet/storage-backends.md,IMPLEMENTED_AND_PROVEN,continue-20260917-round3,
S-9.4-01,9.4,ChunkLeaf includes the piece index so equal payload at different indices differs canonically,src/modelnet/store.cpp,ChunkLeaf,src/test/modelnet_network02_audit_tests.cpp;src/test/modelnet_network02_tests.cpp,src/test/modelnet_network02_audit_tests.cpp,IMPLEMENTED_AND_PROVEN,continue-20260917-round3,
S-9.4-02,9.4,a separate internal byte digest plus length is the physical dedup key,src/modelnet/physical_dedup.cpp,PhysicalByteDigest;SamePhysicalBytes,src/test/modelnet_network02_audit_tests.cpp,src/test/modelnet_network02_audit_tests.cpp,IMPLEMENTED_AND_PROVEN,continue-20260917-round3,
S-9.4-03,9.4,cross-tenant dedup disabled unless explicitly justified,src/modelnet/physical_dedup.cpp,CrossTenantDedupAllowed,src/test/modelnet_network02_audit_tests.cpp,src/test/modelnet_network02_audit_tests.cpp,IMPLEMENTED_NOT_YET_PROVEN,continue-20260917-round3,CrossTenantDedupAllowed() exists but no test asserts it returns false
S-9.4-04,9.4,for a successor model reuse only exact bytes satisfying its own commitments,src/modelnet/physical_dedup.cpp;src/modelnet/selective_files.cpp,SamePhysicalBytes;SelectiveFileSet,src/test/modelnet_convergence_tests.cpp,src/test/modelnet_convergence_tests.cpp,IMPLEMENTED_AND_PROVEN,continue-20260917-round3,a lineage claim is not a delta proof
S-9.4-05,9.4,avoid writable hardlinks to operator files that can mutate under verified storage,src/modelnet/store.cpp;src/modelnet/source_local.cpp,IsPortableRelPath;LocalFileByteSource,src/test/modelnet_r10_security_tests.cpp,src/test/modelnet_r10_security_tests.cpp,IMPLEMENTED_AND_PROVEN,continue-20260917-round3,
S-9.4-06,9.4,content-defined physical dedup benchmarked on real versions and shipped only if justified,src/modelnet/physical_dedup.cpp,ContentDefinedDedupShipped,src/test/modelnet_convergence_tests.cpp;src/test/modelnet_network02_audit_tests.cpp,src/test/modelnet_convergence_tests.cpp,DEFERRED_WITH_EVIDENCE,continue-20260917-round3,CDC NONSHIPPING; ContentDefinedDedupShipped() asserted false; exact-piece reuse ships
S-10.1-01,10.1,a named backend added via interactive prompt or a credential-file handle,src/modelnet/s3_store.cpp;contrib/modelnet/btx-model,CloudStoreConfig;addmodelstorage,src/test/modelnet_cloud_tests.cpp,src/test/modelnet_cloud_tests.cpp,IMPLEMENTED_WITH_GAP,continue-20260917-round3,RPC proven; interactive CLI prompt journey NOT_RUN
S-10.1-02,10.1,CLI arguments contain references never raw secrets,contrib/modelnet/btx-model;src/modelnet/s3_store.cpp,credential-file;CloudStoreConfig,src/test/modelnet_sentinel_secret_tests.cpp,src/test/modelnet_sentinel_secret_tests.cpp,IMPLEMENTED_AND_PROVEN,continue-20260917-round3,
S-10.1-03,10.1,credential scope and connectivity test are local operations,src/modelnet/s3_store.cpp;src/modelnet/helper_network02.cpp,inspectmodelstorage;testmodelstorage,src/test/modelnet_cloud_tests.cpp,audit/e2e/minio-layouts.log,IMPLEMENTED_WITH_GAP,continue-20260917-round3,testcloudstorage probe_ok against real MinIO over the S3 wire protocol; no live R2/AWS endpoint
S-10.1-04,10.1,preview shows source bytes/layout/operations/spool/publication policy/finite budget,src/modelnet/import_plan.cpp,ImportPlan;ImportPlanJson,src/test/modelnet_network02_import_tests.cpp;src/test/modelnet_r3_import_tests.cpp,src/test/modelnet_r3_import_tests.cpp,IMPLEMENTED_AND_PROVEN,continue-20260917-round3,
S-10.1-05,10.1,executing a reviewed plan authorizes the listed cloud actions only,src/modelnet/import_plan.cpp;src/modelnet/import_coordinator.cpp,ImportPlan;authorization_ref,src/test/modelnet_r3_import_tests.cpp,src/test/modelnet_r3_import_tests.cpp,IMPLEMENTED_AND_PROVEN,continue-20260917-round3,plan digest is the approval target
S-10.1-06,10.1,the documented btx-model cloud add/test/import command contracts exist,contrib/modelnet/btx-model,btx-model,contrib/modelnet/validate-doc-examples.sh,contrib/modelnet/btx-model,IMPLEMENTED_WITH_GAP,continue-20260917-round3,wrapper present; not all documented subcommand names are implemented (see CONV-40)
S-10.2-01,10.2,static owner-only files + environment indirection + short-lived session credentials,src/modelnet/s3_store.cpp;src/modelnet/s3_client.cpp,CloudStoreConfig,src/test/modelnet_cloud_tests.cpp,src/test/modelnet_cloud_tests.cpp,IMPLEMENTED_NOT_YET_PROVEN,continue-20260917-round3,all three shapes accepted; STS session-credential refresh NOT_RUN
S-10.2-02,10.2,separate read and upload capabilities where practical,src/modelnet/s3_store.cpp;src/modelnet/access_policy.cpp,CloudStoreConfig;access_policy,src/test/modelnet_cloud_tests.cpp,src/test/modelnet_cloud_tests.cpp,IMPLEMENTED_NOT_YET_PROVEN,continue-20260917-round3,scoped config exists; no live split-capability key test
S-10.2-03,10.2,reject group/world-readable secret files by default with a test-only unsafe override,src/modelnet/s3_store.cpp;src/modelnet/firstrun.cpp,AllowPayloadStorageFile,src/test/modelnet_r10_security_tests.cpp,src/test/modelnet_r10_security_tests.cpp,IMPLEMENTED_AND_PROVEN,continue-20260917-round3,
S-10.2-04,10.2,handles in configuration; secret bytes in the local secret provider,src/modelnet/s3_store.cpp,CloudStoreConfig,src/test/modelnet_sentinel_secret_tests.cpp,src/test/modelnet_sentinel_secret_tests.cpp,IMPLEMENTED_AND_PROVEN,continue-20260917-round3,
S-10.2-05,10.2,redact Authorization/presigned queries/tokens/upload IDs/provider failures,src/modelnet/direct_seed.cpp;src/modelnet/origin_broker.cpp,RedactPresignedUrl;OriginJsonHasCredential,src/test/modelnet_r10_security_tests.cpp;src/test/modelnet_sentinel_secret_tests.cpp,src/test/modelnet_r10_security_tests.cpp,IMPLEMENTED_AND_PROVEN,continue-20260917-round3,
S-10.2-06,10.2,external workers receive only the narrow capability a job needs,src/modelnet/source_policy.cpp,TorrentWorkerReceivesS3Credentials,src/test/modelnet_convergence_tests.cpp,src/test/modelnet_convergence_tests.cpp,IMPLEMENTED_AND_PROVEN,continue-20260917-round3,TorrentWorkerReceivesS3Credentials() asserted false
S-10.2-07,10.2,do not execute shell pipelines constructed from URLs,src/modelnet/source_policy.cpp;src/modelnet/event_journal.cpp,SourceLocatorAllowed;EventTextMayBecomeCommand,src/test/modelnet_r10_security_tests.cpp,src/test/modelnet_r10_security_tests.cpp,IMPLEMENTED_AND_PROVEN,continue-20260917-round3,
S-10.2-08,10.2,vetted HTTP/S3 library with cert verification/canonicalization/bounded redirects,src/modelnet/s3_client.cpp;src/modelnet/source_policy.cpp,SourceFollowsRedirects;s3_client,src/test/modelnet_cloud_tests.cpp;src/test/modelnet_r10_security_tests.cpp,audit/e2e/minio-layouts.log,IMPLEMENTED_WITH_GAP,continue-20260917-round3,redirect cap and canonicalization unit-proven; MinIO leg was plaintext loopback so no TLS certificate verification was exercised
S-10.2-09,10.2,review pinned AWS signing code rather than improvise signature cryptography,src/modelnet/s3_client.cpp;contrib/modelnet/dependency-lock.md,s3_client,src/test/modelnet_cloud_tests.cpp,audit/e2e/minio-layouts.log,IMPLEMENTED_WITH_GAP,continue-20260917-round3,SigV4 accepted by a real MinIO server over a socket; not checked against AWS or R2
S-10.3-01,10.3,part size is an allowed multiple compatible with backend limits and object length,src/modelnet/object_layout.h;src/modelnet/s3_client.cpp,MULTIPART_PART_BYTES;kCloudStreamChunkBytes;PutStream,src/test/modelnet_r2_storage_tests.cpp,audit/r2-storage.md,IMPLEMENTED_WITH_GAP,r-disposition-round2-20260917,R2S-03 (HIGH): the planner publishes 64 MiB parts while S3Client::PutStream uploads in 8 MiB kCloudStreamChunkBytes parts so the published plan understates Class A operations by 8x and a live multipart object caps at about 78 GiB against kS3HttpsMaxParts=10000
S-10.3-02,10.3,for known length ceil(length/part_size) must not exceed max_parts,src/modelnet/object_layout.cpp;src/modelnet/s3_client.cpp,MultipartPartCount;kS3HttpsMaxParts,src/test/modelnet_r2_storage_tests.cpp,audit/r2-storage.md,IMPLEMENTED_WITH_GAP,r-disposition-round2-20260917,the planner arithmetic is overflow-safe and unit-proven; R2S-03 finds the live client never computes the part count from content_length before live_begin - the 10000-part ceiling is checked incrementally inside the upload loop so the refusal lands after about 78 GiB of ingress and live_abort discards all of it
S-10.3-03,10.3,for unknown length reserve a bounded maximum; never switch object identity midway,src/modelnet/multipart_journal.cpp,MultipartJournal;MultipartPhase,src/test/modelnet_network02_audit_tests.cpp,src/test/modelnet_network02_audit_tests.cpp,IMPLEMENTED_AND_PROVEN,continue-20260917-round3,
S-10.3-04,10.3,at most configured concurrent part buffers and a bounded durable retry spool,src/modelnet/multipart_journal.cpp;src/modelnet/io_executor.cpp,MultipartJournal;IoExecutor,src/test/modelnet_n02_journey2_iso_tests.cpp,src/test/modelnet_n02_journey2_iso_tests.cpp,IMPLEMENTED_AND_PROVEN,continue-20260917-round3,
S-10.3-05,10.3,journal initiation/key/snapshot/offsets/checksums/ETags/completion,src/modelnet/multipart_journal.cpp,MultipartPart;MultipartJournal,src/test/modelnet_network02_audit_tests.cpp;src/test/modelnet_n02_journey2_iso_tests.cpp,src/test/modelnet_n02_journey2_iso_tests.cpp,IMPLEMENTED_AND_PROVEN,continue-20260917-round3,
S-10.3-06,10.3,ETags are opaque completion tokens not SHA-384 identity,src/modelnet/multipart_journal.cpp,MultipartEtagIsCanonicalIdentity,src/test/modelnet_network02_audit_tests.cpp,src/test/modelnet_network02_audit_tests.cpp,IMPLEMENTED_AND_PROVEN,continue-20260917-round3,MultipartEtagIsCanonicalIdentity() asserted false
S-10.3-07,10.3,on restart reconcile ListParts against the journal then resume or safely abort,src/modelnet/multipart_journal.cpp,MultipartJournal;MultipartPhase,src/test/modelnet_n02_journey2_iso_tests.cpp,audit/e2e/minio-layouts.log,IMPLEMENTED_WITH_GAP,continue-20260917-round3,FakeS3 ListParts reconcile proven and the helper was SIGTERM-restarted against real MinIO; no mid-multipart restart on the real backend
S-10.3-08,10.3,never combine parts from changed source revisions,src/modelnet/multipart_journal.cpp;src/modelnet/import_coordinator.cpp,SOURCE_CHANGED;MultipartJournal,src/test/modelnet_n02_journey2_iso_tests.cpp,src/test/modelnet_n02_journey2_iso_tests.cpp,IMPLEMENTED_AND_PROVEN,continue-20260917-round3,
S-10.3-09,10.3,CompleteMultipartUpload parsed from the provider response not an HTTP status,src/modelnet/s3_client.cpp;src/modelnet/multipart_journal.cpp,s3_client;MultipartPhase,src/test/modelnet_cloud_tests.cpp,src/test/modelnet_cloud_tests.cpp,IMPLEMENTED_AND_PROVEN,continue-20260917-round3,200-with-error-body case covered
S-10.3-10,10.3,staging keys may remain the final physical mapping; no forced 400 GiB server-side copy,src/modelnet/piece_store.cpp;src/modelnet/object_layout.cpp,PieceObjectKey;ObjectKeySourceFile,src/test/modelnet_r2_storage_tests.cpp,src/test/modelnet_r2_storage_tests.cpp,IMPLEMENTED_AND_PROVEN,continue-20260917-round3,
S-10.3-11,10.3,GC targets only BTX-owned keys proven unreferenced never arbitrary bucket contents,src/modelnet/piece_store.cpp;src/modelnet/s3_store.cpp,PieceObjectKey;S3PieceStore,src/test/modelnet_r2_storage_tests.cpp;src/test/modelnet_r10_security_tests.cpp,src/test/modelnet_r2_storage_tests.cpp,IMPLEMENTED_AND_PROVEN,continue-20260917-round3,
S-10.4-01,10.4,reserve request count and worst-case bytes before issuing billable operations,src/modelnet/s3_store.cpp;src/modelnet/import_plan.cpp,OperationBudget;ChargeGet;PutObject,src/test/modelnet_cloud_tests.cpp;src/test/modelnet_r2_storage_tests.cpp,audit/r2-storage.md,IMPLEMENTED_WITH_GAP,r-disposition-round2-20260917,the request-count precheck runs before dispatch but the bytes half is inverted - R2S-04 (HIGH) finds GetObject prechecks with a byte count of zero then transfers then charges so an over-budget response is transferred and billed by the provider discarded by BTX and never recorded in the ledger; R2S-05 finds the entire write path is unbudgeted
S-10.4-02,10.4,track attempts/retries/bytes/grants/estimated cost/observed provider billing,src/modelnet/s3_store.cpp;src/modelnet/helper_network02.cpp,getmodeloriginhealth;CloudStoreConfig,src/test/modelnet_cloud_tests.cpp,src/test/modelnet_cloud_tests.cpp,IMPLEMENTED_WITH_GAP,continue-20260917-round3,counters exist; observed provider billing never supplied (no live account)
S-10.4-03,10.4,refund an unused reservation only when no operation was dispatched; uncertainty stays exposure,src/modelnet/multipart_journal.cpp;src/modelnet/s3_store.cpp,REMOTE_OUTCOME_UNKNOWN;MultipartPhase,src/test/modelnet_n02_journey2_iso_tests.cpp,src/test/modelnet_n02_journey2_iso_tests.cpp,IMPLEMENTED_AND_PROVEN,continue-20260917-round3,
S-10.4-04,10.4,R2 pricing modelled with stored capacity and operations billed separately,src/modelnet/cloud_layout.cpp,EstimatedGetsPerColdRetrieval;CloudProviderIsR2,src/test/modelnet_cloud_tests.cpp;src/test/modelnet_convergence_tests.cpp,audit/r2-storage.md,IMPLEMENTED_WITH_GAP,r-disposition-round2-20260917,the two-axis pricing model and the 102400-GET arithmetic are right as stated and are not inflated into hundreds of dollars; the operation count fed into it is understated because the live read path bills per 64 KiB (r2-storage §1.3) so the dollar figure is optimistic by the same factor
S-10.4-05,10.4,vendor prices are a dated optional configuration snapshot never a protocol rule,doc/modelnet/storage-backends.md;src/modelnet/cloud_layout.cpp,CloudProvider,src/test/modelnet_cloud_tests.cpp,doc/modelnet/storage-backends.md,IMPLEMENTED_AND_PROVEN,continue-20260917-round3,
S-10.5-01,10.5,AUTO minimizes a weighted objective of request cost/byte cost/latency/cache pressure/waste,src/modelnet/object_layout.cpp;src/modelnet/cloud_layout.cpp,PlanObjectLayout;ResolveCloudLayout,src/test/modelnet_planner_tests.cpp;src/test/modelnet_cloud_tests.cpp,src/test/modelnet_planner_tests.cpp,IMPLEMENTED_AND_PROVEN,continue-20260917-round3,
S-10.5-02,10.5,whole-file for cooperative bootstrap / extents for mixed / pieces for sparse gaps,src/modelnet/object_layout.cpp,PlanObjectLayout;PhysicalObjectLayout,src/test/modelnet_planner_tests.cpp,src/test/modelnet_planner_tests.cpp,IMPLEMENTED_AND_PROVEN,continue-20260917-round3,
S-10.5-03,10.5,explicit operator choice preserved over AUTO,src/modelnet/object_layout.cpp,PlanObjectLayout;PhysicalObjectLayoutFromName,src/test/modelnet_planner_tests.cpp,src/test/modelnet_planner_tests.cpp,IMPLEMENTED_AND_PROVEN,continue-20260917-round3,
S-10.5-04,10.5,a WHOLE_FILE_ONLY origin may decline random piece requests and advertises that accurately,src/modelnet/cloud_layout.cpp;src/modelnet/origin_broker.cpp,CloudReadStrategy;OriginDeliveryMode,src/test/modelnet_cloud_tests.cpp;src/test/modelnet_network02_ef_tests.cpp,src/test/modelnet_network02_ef_tests.cpp,IMPLEMENTED_AND_PROVEN,continue-20260917-round3,
S-10.5-05,10.5,the planner returns its rationale in the preview,src/modelnet/object_layout.cpp,ObjectLayoutPlanJson,src/test/modelnet_planner_tests.cpp,src/test/modelnet_planner_tests.cpp,IMPLEMENTED_AND_PROVEN,continue-20260917-round3,
S-11.1-01,11.1,ImportPlan binds source kind/revision/files/sizes/destination/spool/budget/permissions/identity/rights,src/modelnet/import_plan.cpp,ImportPlan;ImportFileSpec;ParseImportPlan,src/test/modelnet_network02_import_tests.cpp;src/test/modelnet_r3_import_tests.cpp,src/test/modelnet_r3_import_tests.cpp,IMPLEMENTED_AND_PROVEN,continue-20260917-round3,
S-11.1-02,11.1,the plan digest is the approval target,src/modelnet/import_plan.cpp,ImportPlanJson;expected_plan_digest,src/test/modelnet_r3_import_tests.cpp,src/test/modelnet_r3_import_tests.cpp,IMPLEMENTED_AND_PROVEN,continue-20260917-round3,STALE_PLAN on mismatch
S-11.1-03,11.1,preview performs only bounded metadata requests under a discovery budget,src/modelnet/import_plan.cpp;src/modelnet/import_coordinator.cpp,previewmodelimport;OperationBudget,src/test/modelnet_r3_import_tests.cpp,src/test/modelnet_r3_import_tests.cpp,IMPLEMENTED_AND_PROVEN,continue-20260917-round3,
S-11.1-04,11.1,thirteen ImportPlan states implemented,src/modelnet/import_coordinator.cpp;src/modelnet/import_plan.cpp,ImportPhase,src/test/modelnet_network02_import_tests.cpp,src/test/modelnet_network02_import_tests.cpp,IMPLEMENTED_AND_PROVEN,continue-20260917-round3,DRAFT..FAILED
S-11.1-05,11.1,each job exposes useful bytes separately from retry and local/cloud committed bytes,src/modelnet/import_coordinator.cpp;src/modelnet/helper_network02.cpp,getmodelimport;ImportCoordinator,src/test/modelnet_r3_import_tests.cpp,src/test/modelnet_r3_import_tests.cpp,IMPLEMENTED_AND_PROVEN,continue-20260917-round3,
S-11.1-06,11.1,cancellation stops new work records uncertain remote operations and supports safe resume,src/modelnet/import_coordinator.cpp;src/modelnet/multipart_journal.cpp,cancelmodelimport;REMOTE_OUTCOME_UNKNOWN,src/test/modelnet_n02_journey2_iso_tests.cpp,src/test/modelnet_n02_journey2_iso_tests.cpp,IMPLEMENTED_AND_PROVEN,continue-20260917-round3,
S-11.1-07,11.1,cancel is not a promise to erase an already published model,src/modelnet/import_coordinator.cpp,cancelmodelimport,src/test/modelnet_r3_import_tests.cpp,src/test/modelnet_r3_import_tests.cpp,IMPLEMENTED_AND_PROVEN,continue-20260917-round3,
S-11.2-01,11.2,open only approved paths and enumerate safe regular files,src/modelnet/source_local.cpp;src/modelnet/import_coordinator.cpp,LocalFileByteSource;ImportRelPathUnsafe,src/test/modelnet_network02_tests.cpp;src/test/modelnet_r10_security_tests.cpp,src/test/modelnet_r10_security_tests.cpp,IMPLEMENTED_AND_PROVEN,continue-20260917-round3,
S-11.2-02,11.2,reject symlinks by default plus device files/path escapes/duplicate canonical names,src/modelnet/source_local.cpp;src/modelnet/store.cpp,ImportRelPathUnsafe;IsPortableRelPath,src/test/modelnet_r10_security_tests.cpp,src/test/modelnet_r10_security_tests.cpp,IMPLEMENTED_AND_PROVEN,continue-20260917-round3,
S-11.2-03,11.2,pin a source snapshot and reject source changes during import,src/modelnet/source_local.cpp;src/modelnet/import_coordinator.cpp,SourceSnapshot;SOURCE_CHANGED,src/test/modelnet_r3_import_tests.cpp,src/test/modelnet_r3_import_tests.cpp,IMPLEMENTED_AND_PROVEN,continue-20260917-round3,
S-11.2-04,11.2,stream each file through hashing and destination writing without a second full copy,src/modelnet/source_local.cpp;src/modelnet/import_coordinator.cpp,LocalFileByteSource;ImportCoordinator,src/test/modelnet_network02_import_tests.cpp,src/test/modelnet_network02_import_tests.cpp,IMPLEMENTED_AND_PROVEN,continue-20260917-round3,
S-11.2-05,11.2,no Python import pickle load or model execution during qualification,src/modelnet/qualification.cpp,qualification,src/test/modelnet_r10_security_tests.cpp,src/test/modelnet_r10_security_tests.cpp,IMPLEMENTED_AND_PROVEN,continue-20260917-round3,
S-11.3-01,11.3,repo/tree/resolve-file URLs accepted through an explicit parser,src/modelnet/source_huggingface.cpp;src/modelnet/source_local.h,HuggingFaceLocatorAllowed,src/test/modelnet_network02_import_tests.cpp,src/test/modelnet_network02_import_tests.cpp,IMPLEMENTED_AND_PROVEN,continue-20260917-round3,no string concatenation
S-11.3-02,11.3,resolve branch/tag to an immutable commit before enumerating files,src/modelnet/source_huggingface.cpp,HuggingFaceByteSource,src/test/modelnet_r3_import_tests.cpp,src/test/modelnet_r3_import_tests.cpp,IMPLEMENTED_WITH_GAP,continue-20260917-round3,fixture revision resolution only; live HF resolve NOT_RUN
S-11.3-03,11.3,both the user's original reference and the resolved revision kept in provenance,src/modelnet/source_huggingface.cpp,HUGGINGFACE_PROVENANCE_NOTE,src/test/modelnet_network02_import_tests.cpp,src/test/modelnet_network02_import_tests.cpp,IMPLEMENTED_AND_PROVEN,continue-20260917-round3,
S-11.3-04,11.3,select only reviewed model assets; do not mirror every executable file by default,src/modelnet/catalog.cpp;src/modelnet/selective_files.cpp,GuessFileRole;SelectiveFileSet,src/test/modelnet_r3_import_tests.cpp,src/test/modelnet_r3_import_tests.cpp,IMPLEMENTED_AND_PROVEN,continue-20260917-round3,
S-11.3-05,11.3,respect gated/private access; a token is not permission to republish,src/modelnet/source_huggingface.cpp;src/modelnet/source_policy.cpp,HUGGINGFACE_PROVENANCE_NOTE;SourceLocatorAllowed,src/test/modelnet_network02_import_tests.cpp,src/test/modelnet_network02_import_tests.cpp,IMPLEMENTED_AND_PROVEN,continue-20260917-round3,
S-11.3-06,11.3,narrow token forwarding to authorized HF endpoints; strip credentials on unrelated redirects,src/modelnet/source_huggingface.cpp;src/modelnet/source_policy.cpp,SourceFollowsRedirects,src/test/modelnet_r10_security_tests.cpp,src/test/modelnet_r10_security_tests.cpp,IMPLEMENTED_AND_PROVEN,continue-20260917-round3,
S-11.3-07,11.3,verify sizes and available upstream hashes,src/modelnet/source_huggingface.cpp,HuggingFaceByteSource,src/test/modelnet_r3_import_tests.cpp,src/test/modelnet_r3_import_tests.cpp,IMPLEMENTED_WITH_GAP,continue-20260917-round3,fixture sizes verified; real LFS/Xet hash comparison NOT_RUN
S-11.3-08,11.3,compressed responses and Range semantics must not corrupt offset accounting,src/modelnet/source_huggingface.cpp,HuggingFaceByteSource,src/test/modelnet_r3_import_tests.cpp,src/test/modelnet_r3_import_tests.cpp,IMPLEMENTED_AND_PROVEN,continue-20260917-round3,unexpected-compression rejected
S-11.3-09,11.3,a Range resume receiving 200 resets the staged stream or fails; never appends at a partial offset,src/modelnet/source_huggingface.cpp,HuggingFaceByteSource,src/test/modelnet_r3_import_tests.cpp;src/test/modelnet_network02_import_tests.cpp,src/test/modelnet_r3_import_tests.cpp,IMPLEMENTED_AND_PROVEN,continue-20260917-round3,
S-11.3-10,11.3,detect source revision or object validator changes,src/modelnet/source_huggingface.cpp;src/modelnet/import_coordinator.cpp,SOURCE_CHANGED,src/test/modelnet_r3_import_tests.cpp,src/test/modelnet_r3_import_tests.cpp,IMPLEMENTED_AND_PROVEN,continue-20260917-round3,
S-11.3-11,11.3,Xet reconstruction path implemented via a pinned streaming interface or packaged worker,src/modelnet/source_xet.cpp,XetByteSource,src/test/modelnet_network02_import_tests.cpp;src/test/modelnet_r3_import_tests.cpp,src/test/modelnet_r3_import_tests.cpp,IMPLEMENTED_WITH_GAP,continue-20260917-round3,in-tree source class; no pinned hf_xet worker and no live reconstruction
S-11.3-12,11.3,instrument permits and outstanding bytes; a stream API is not proof of bounded memory,src/modelnet/source_xet.cpp;src/modelnet/io_executor.cpp,XetByteSource;IoExecutor,src/test/modelnet_r3_import_tests.cpp,src/test/modelnet_r3_import_tests.cpp,IMPLEMENTED_AND_PROVEN,continue-20260917-round3,bounded sink asserted
S-11.3-13,11.3,no full local snapshot required when the destination is cloud-backed,src/modelnet/import_coordinator.cpp;src/modelnet/multipart_journal.cpp,ImportCoordinator;MultipartJournal,src/test/modelnet_n02_journey2_iso_tests.cpp,src/test/modelnet_n02_journey2_iso_tests.cpp,IMPLEMENTED_WITH_GAP,continue-20260917-round3,cloud-backed destination proven without a full local snapshot; the live HF-to-S3 stream is still NOT_RUN
S-11.4-01,11.4,BTX->S3 imports verify the canonical manifest first and retain per-piece verification,src/modelnet/import_coordinator.cpp;src/modelnet/verified_manifest.cpp,VerifyManifestAgainstRequest;ImportCoordinator,src/test/modelnet_r3_import_tests.cpp,src/test/modelnet_r3_import_tests.cpp,IMPLEMENTED_AND_PROVEN,continue-20260917-round3,
S-11.4-02,11.4,S3->BTX imports pin object generation and length; an object name is not model identity,src/modelnet/s3_store.cpp;src/modelnet/import_plan.cpp,S3PieceStore;ImportSourceKind,src/test/modelnet_r2_storage_tests.cpp;src/test/modelnet_r3_import_tests.cpp,src/test/modelnet_r3_import_tests.cpp,IMPLEMENTED_AND_PROVEN,continue-20260917-round3,
S-11.4-03,11.4,a server-side copy reduces node bytes only if integrity is already or subsequently established,src/modelnet/import_coordinator.cpp,ImportCoordinator,src/test/modelnet_r3_import_tests.cpp,src/test/modelnet_r3_import_tests.cpp,IMPLEMENTED_AND_PROVEN,continue-20260917-round3,
S-11.4-04,11.4,a server-side copy alone cannot manufacture an audited SHA-384 model identity,src/modelnet/import_coordinator.cpp;src/modelnet/store.cpp,ImportCoordinator::AcceptVerifiedManifest;VerifyPiece,src/test/modelnet_r3_import_tests.cpp,audit/r3-imports.md,IMPLEMENTED_WITH_GAP,r-disposition-round2-20260917,on the LOCAL path identity is genuinely earned because cat.ImportPath hashes into the store; R3-2 (HIGH) finds AcceptVerifiedManifest adopts the caller's model_id and artifact_id after only a non-null check and never hashes the staged files nor requires that any bytes were staged so HF/Xet/torrent identity rests on the manifest verifier alone
S-11.5-01,11.5,publishing signs the importer's own model/search/provenance record,src/modelnet/records.cpp;src/modelnet/import_coordinator.cpp,publishmodelimport;records,src/test/modelnet_r3_import_tests.cpp,src/test/modelnet_r3_import_tests.cpp,IMPLEMENTED_AND_PROVEN,continue-20260917-round3,
S-11.5-02,11.5,original publisher attribution is a claim unless a valid signature or delegation exists,src/modelnet/source_huggingface.cpp;src/modelnet/records.cpp,HUGGINGFACE_PROVENANCE_NOTE,src/test/modelnet_network02_import_tests.cpp,src/test/modelnet_network02_import_tests.cpp,IMPLEMENTED_AND_PROVEN,continue-20260917-round3,
S-11.5-03,11.5,source URL/revision/date/files/validation mode/rights stored separately from ModelCore,src/modelnet/import_plan.cpp;src/modelnet/cores.cpp,ImportPlan;cores,src/test/modelnet_r3_import_tests.cpp,src/test/modelnet_r3_import_tests.cpp,IMPLEMENTED_AND_PROVEN,continue-20260917-round3,
S-11.5-04,11.5,publishing an import must not imply the importer trained the model,src/modelnet/records.cpp;doc/modelnet/howto.md,rights_approval,src/test/modelnet_r3_import_tests.cpp,src/test/modelnet_r3_import_tests.cpp,IMPLEMENTED_AND_PROVEN,continue-20260917-round3,
S-12.1-01,12.1,torrent/magnet import through an installed btx-torrentd worker with pinned libtorrent,src/modelnet/source_torrent.cpp;src/modelnet/supervisor.cpp,TorrentByteSource;supervisor,src/test/modelnet_r3_import_tests.cpp,doc/modelnet/libtorrent-parts-bin-audit.md,IMPLEMENTED_WITH_GAP,continue-20260917-round3,in-process source + parts-bin audit; btx-torrentd subprocess never built or run (OPERATOR_GATED)
S-12.1-02,12.1,the ordinary user needs no external torrent client,contrib/modelnet/btx-model;src/modelnet/source_torrent.cpp,btx-model import,src/test/modelnet_r3_import_tests.cpp,contrib/modelnet/btx-model,IMPLEMENTED_WITH_GAP,continue-20260917-round3,depends on the gated worker
S-12.1-03,12.1,BTX controls job plans/storage/verification/publication; the worker owns torrent sockets only,src/modelnet/source_torrent.cpp;src/modelnet/import_coordinator.cpp,TorrentByteSource;ImportCoordinator,src/test/modelnet_r3_import_tests.cpp,src/test/modelnet_r3_import_tests.cpp,IMPLEMENTED_AND_PROVEN,continue-20260917-round3,boundary proven at the interface
S-12.1-04,12.1,the worker is never a consensus or wallet component,src/modelnet/source_policy.cpp,TorrentWorkerReceivesS3Credentials,src/test/modelnet_convergence_tests.cpp,src/test/modelnet_convergence_tests.cpp,IMPLEMENTED_AND_PROVEN,continue-20260917-round3,
S-12.1-05,12.1,magnet metadata acquisition is an explicitly approved bounded discovery action,src/modelnet/source_torrent.cpp,ParseTorrentInfohash;OperationBudget,src/test/modelnet_r3_import_tests.cpp,src/test/modelnet_r3_import_tests.cpp,IMPLEMENTED_NOT_YET_PROVEN,continue-20260917-round3,parser proven; no live swarm metadata fetch
S-12.1-06,12.1,the plan discloses whether the worker uploads during acquisition and seeds afterwards,src/modelnet/source_torrent.cpp;src/modelnet/import_plan.cpp,ReverseTorrentBridge;ImportPlan,src/test/modelnet_r3_import_tests.cpp,src/test/modelnet_r3_import_tests.cpp,IMPLEMENTED_AND_PROVEN,continue-20260917-round3,
S-12.1-07,12.1,default reverse seeding is off; enabling requires finite bandwidth/time/storage policy,src/modelnet/source_torrent.cpp,ReverseTorrentBridge;settorrentsourcepolicy,src/test/modelnet_r3_import_tests.cpp,src/test/modelnet_r3_import_tests.cpp,IMPLEMENTED_AND_PROVEN,continue-20260917-round3,
S-12.1-08,12.1,never expose wallet identifiers private model identities or bucket URLs in trackers,src/modelnet/source_torrent.cpp;src/modelnet/package_export.cpp,ReverseTorrentStatusJson;PublicExportKeyForbidden,src/test/modelnet_sentinel_secret_tests.cpp;src/test/modelnet_r10_security_tests.cpp,src/test/modelnet_sentinel_secret_tests.cpp,IMPLEMENTED_AND_PROVEN,continue-20260917-round3,
S-12.2-01,12.2,v1 v2 and hybrid torrents supported with a fixture for each,src/modelnet/source_torrent.cpp,TorrentByteSource;ParseTorrentInfohash,src/test/modelnet_r3_import_tests.cpp;src/test/modelnet_network02_import_tests.cpp,src/test/modelnet_r3_import_tests.cpp,IMPLEMENTED_WITH_GAP,continue-20260917-round3,three fixture shapes parsed in-process; no libtorrent-validated hybrid run
S-12.2-02,12.2,bound bencode size/recursion/file count/path length/piece layers/total length before allocation,src/modelnet/source_torrent.cpp,TorrentFileNameAllowed;MapTorrentRangeSafe,src/test/modelnet_r10_security_tests.cpp;src/test/modelnet_r3_import_tests.cpp,src/test/modelnet_r10_security_tests.cpp,IMPLEMENTED_AND_PROVEN,continue-20260917-round3,
S-12.2-03,12.2,reject duplicate keys/unsafe paths/symlinks/device paths/case-Unicode collisions,src/modelnet/source_torrent.cpp;src/modelnet/store.cpp,TorrentFileNameAllowed;IsPortableRelPath,src/test/modelnet_r3_import_tests.cpp;src/test/modelnet_r10_security_tests.cpp,src/test/modelnet_r10_security_tests.cpp,IMPLEMENTED_AND_PROVEN,continue-20260917-round3,
S-12.2-04,12.2,display names and tracker fields treated as untrusted text,src/modelnet/source_torrent.cpp;src/modelnet/event_journal.cpp,SanitizeUntrustedEventText,src/test/modelnet_r10_security_tests.cpp,src/test/modelnet_r10_security_tests.cpp,IMPLEMENTED_AND_PROVEN,continue-20260917-round3,
S-12.2-05,12.2,private torrents keep DHT/PEX/LAN discovery disabled per the private flag,src/modelnet/source_torrent.cpp,ReverseTorrentBridge;private flag,src/test/modelnet_r3_import_tests.cpp,src/test/modelnet_r3_import_tests.cpp,IMPLEMENTED_NOT_YET_PROVEN,continue-20260917-round3,flag propagated in the policy struct; not proven against a live worker
S-12.2-06,12.2,v1 SHA-1 and v2 SHA-256 give different source validation and neither is a publisher signature,src/modelnet/source_torrent.cpp,ParseTorrentInfohash;SourceIntegrity,src/test/modelnet_r3_import_tests.cpp,audit/r3-imports.md,IMPLEMENTED_WITH_GAP,r-disposition-round2-20260917,the not-a-signature half is documented and holds; R3-9 finds the infohash is never verified - Pin() checks only that the string is non-empty and that injected sizes match the plan with no SHA-1 v1 piece hash no v2 merkle root and no piece-length handling so today the infohash is a label and real integrity arrives later from ChunkLeaf and SHA-384
S-12.2-07,12.2,a signed BTX manifest supplied alongside a torrent is checked independently,src/modelnet/verified_manifest.cpp;src/modelnet/source_torrent.cpp,VerifyManifestAgainstRequest,src/test/modelnet_r3_import_tests.cpp,src/test/modelnet_r3_import_tests.cpp,IMPLEMENTED_AND_PROVEN,continue-20260917-round3,
S-12.2-08,12.2,arbitrary torrent payload is not automatically a model; files are selected and qualified,src/modelnet/qualification.cpp;src/modelnet/selective_files.cpp,qualification;SelectiveFileSet,src/test/modelnet_r3_import_tests.cpp,src/test/modelnet_r3_import_tests.cpp,IMPLEMENTED_AND_PROVEN,continue-20260917-round3,
S-12.3-01,12.3,TorrentFileMap over global offsets/real offsets/selected files/pad regions,src/modelnet/erasure_store.h;src/modelnet/source_torrent.cpp,TorrentFileMap;TorrentSlice;MapTorrentRange,src/test/modelnet_r3_import_tests.cpp;src/test/modelnet_network02_import_tests.cpp,audit/r3-imports.md,IMPLEMENTED_WITH_GAP,r-disposition-round2-20260917,all four coordinate kinds are represented but R3-1 (HIGH PROVEN) shows MapTorrentRange drops padding ranges from its output while callers pass torrent-global offsets so a Read returns fewer bytes than extent.length and still returns true; an extent wholly inside padding succeeds with zero bytes
S-12.3-02,12.3,v1 pieces may cross file boundaries and include unselected bytes,src/modelnet/source_torrent.cpp,MapTorrentRangeSafe,src/test/modelnet_r3_import_tests.cpp,src/test/modelnet_r3_import_tests.cpp,IMPLEMENTED_AND_PROVEN,continue-20260917-round3,boundary-spanning case covered
S-12.3-03,12.3,v2 alignment/padding is not a real model file,src/modelnet/source_torrent.cpp,TorrentSlice;TorrentFileNameAllowed,src/test/modelnet_r3_import_tests.cpp,audit/r3-imports.md,IMPLEMENTED_WITH_GAP,r-disposition-round2-20260917,padding is correctly excluded from the canonical file set; R3-1 shows the exclusion is implemented by silently dropping pad ranges from a read so BEP-47 pad files inside a requested extent stage a short file that StageFromSource accepts without comparing delivered length to spec.size_bytes
S-12.3-04,12.3,support bytes acquired into bounded quarantine and excluded from the BTX manifest,src/modelnet/source_torrent.cpp;src/modelnet/import_coordinator.cpp,TorrentByteSource;ImportPhase,src/test/modelnet_r3_import_tests.cpp,src/test/modelnet_r3_import_tests.cpp,IMPLEMENTED_AND_PROVEN,continue-20260917-round3,
S-12.3-05,12.3,source file order and canonical BTX file order kept separately explicit,src/modelnet/source_torrent.cpp;src/modelnet/catalog.cpp,TorrentFileMap;CatalogEntry,src/test/modelnet_r3_import_tests.cpp,src/test/modelnet_r3_import_tests.cpp,IMPLEMENTED_AND_PROVEN,continue-20260917-round3,
S-12.3-06,12.3,four granularities mapped: libtorrent blocks / torrent pieces / 4 MiB BTX pieces / S3 parts,src/modelnet/source_torrent.cpp;src/modelnet/object_layout.cpp,MapTorrentRangeSafe;CanonicalPieceCount;MultipartPartCount,src/test/modelnet_r3_import_tests.cpp;src/test/modelnet_r2_storage_tests.cpp,src/test/modelnet_r3_import_tests.cpp,IMPLEMENTED_WITH_GAP,continue-20260917-round3,three grids proven in-process; the libtorrent block grid is untested without the worker
S-12.3-07,12.3,a verified torrent piece never proves a partially assembled BTX piece,src/modelnet/source_torrent.cpp;src/modelnet/store.cpp,MapTorrentRangeSafe;VerifyPiece,src/test/modelnet_r3_import_tests.cpp,src/test/modelnet_r3_import_tests.cpp,IMPLEMENTED_AND_PROVEN,continue-20260917-round3,
S-12.3-08,12.3,tests include boundary-spanning pieces zero-length files tails and hybrid consistency,src/modelnet/source_torrent.cpp,MapTorrentRangeSafe,src/test/modelnet_r3_import_tests.cpp,src/test/modelnet_r3_import_tests.cpp,IMPLEMENTED_WITH_GAP,continue-20260917-round3,spanning/zero-length/tail covered; hybrid consistency only at the parser level
S-12.4-01,12.4,libtorrent disk_interface or a reviewed adapter for its callback contract,src/modelnet/io_executor.cpp;src/modelnet/source_torrent.cpp,IoExecutor,src/test/modelnet_network02_remain_tests.cpp,doc/modelnet/libtorrent-parts-bin-audit.md,IMPLEMENTED_WITH_GAP,continue-20260917-round3,adapter shape exists; never bound to a real libtorrent session
S-12.4-02,12.4,never perform blocking S3 requests on libtorrent's network thread,src/modelnet/io_executor.cpp,IoExecutor,src/test/modelnet_network02_remain_tests.cpp,src/test/modelnet_network02_remain_tests.cpp,IMPLEMENTED_AND_PROVEN,continue-20260917-round3,submit-and-return proven for the executor
S-12.4-03,12.4,async_write stages blocks in a bounded sparse spool and reports pressure,src/modelnet/io_executor.cpp;src/modelnet/file_stream.cpp,IoExecutor;file_stream,src/test/modelnet_file_stream_tests.cpp,src/test/modelnet_file_stream_tests.cpp,IMPLEMENTED_NOT_YET_PROVEN,continue-20260917-round3,bounded spool exists; disk_observer wakeup path untested
S-12.4-04,12.4,async_hash/async_hash2 read correct immutable staged bytes,src/modelnet/source_torrent.cpp;src/modelnet/store.cpp,ChunkLeaf;VerifyPiece,src/test/modelnet_r3_import_tests.cpp,src/test/modelnet_r3_import_tests.cpp,IMPLEMENTED_NOT_YET_PROVEN,continue-20260917-round3,no real v1/v2 hash callback exercised
S-12.4-05,12.4,a piece-finished alert accepted only from verified library state; foreign resume cannot set seed mode,src/modelnet/source_torrent.cpp,TorrentByteSource,src/test/modelnet_r3_import_tests.cpp,src/test/modelnet_r3_import_tests.cpp,IMPLEMENTED_NOT_YET_PROVEN,continue-20260917-round3,rule encoded; no worker to assert against
S-12.4-06,12.4,whole-file cloud object assembled through a sequential completion frontier,src/modelnet/import_coordinator.cpp;src/modelnet/multipart_journal.cpp,ImportCoordinator;MultipartJournal,src/test/modelnet_n02_journey2_iso_tests.cpp,src/test/modelnet_n02_journey2_iso_tests.cpp,IMPLEMENTED_AND_PROVEN,continue-20260917-round3,
S-12.4-07,12.4,out-of-order blocks occupy a bounded reorder window; pause when spool credit is exhausted,src/modelnet/io_executor.cpp;src/modelnet/transfer_session.cpp,IoExecutor;CreditBroker,src/test/modelnet_network02_remain_tests.cpp,src/test/modelnet_network02_remain_tests.cpp,IMPLEMENTED_AND_PROVEN,continue-20260917-round3,
S-12.4-08,12.4,upload multipart parts only from source-verified data per the plan,src/modelnet/multipart_journal.cpp;src/modelnet/import_coordinator.cpp,MultipartPart;ImportPhase,src/test/modelnet_n02_journey2_iso_tests.cpp,src/test/modelnet_n02_journey2_iso_tests.cpp,IMPLEMENTED_AND_PROVEN,continue-20260917-round3,
S-12.4-09,12.4,do not retain unbounded random blocks waiting for a missing first piece,src/modelnet/io_executor.cpp,IoExecutor,src/test/modelnet_network02_remain_tests.cpp,src/test/modelnet_network02_remain_tests.cpp,IMPLEMENTED_AND_PROVEN,continue-20260917-round3,
S-12.4-10,12.4,for a new import compute canonical hashes before advertising the new BTX model,src/modelnet/import_coordinator.cpp,ImportPhase;AcceptVerifiedManifest,src/test/modelnet_r3_import_tests.cpp,audit/r3-imports.md,IMPLEMENTED_WITH_GAP,r-disposition-round2-20260917,the phase order forbids advertising before PUBLISH_READY and the live LOCAL path hashes into the store first; R3-2 shows the coordinator itself reaches PUBLISH_READY without re-hashing staged bytes or comparing them to the plan sizes so the ordering is enforced by phase not by a hash on the non-LOCAL sources
S-12.4-11,12.4,resume rechecks source metadata and durable spool/cloud state not an external HAVE bitmap,src/modelnet/multipart_journal.cpp;src/modelnet/import_coordinator.cpp,MultipartJournal;SOURCE_CHANGED,src/test/modelnet_n02_journey2_iso_tests.cpp,src/test/modelnet_n02_journey2_iso_tests.cpp,IMPLEMENTED_AND_PROVEN,continue-20260917-round3,
S-12.5-01,12.5,optionally continue serving the imported torrent from BTX local/cloud storage,src/modelnet/source_torrent.cpp,ReverseTorrentBridge,src/test/modelnet_r3_import_tests.cpp;src/test/modelnet_n02_journey2_iso_tests.cpp,src/test/modelnet_r3_import_tests.cpp,IMPLEMENTED_WITH_GAP,continue-20260917-round3,mapping + accounting shipped; no external seed ever served (OPERATOR_GATED)
S-12.5-02,12.5,the mapping reproduces exact original torrent bytes and padding,src/modelnet/source_torrent.cpp,ReverseTorrentBridge;MapTorrentRangeSafe,src/test/modelnet_r3_import_tests.cpp,audit/r3-imports.md,IMPLEMENTED_WITH_GAP,r-disposition-round2-20260917,round-trip offset identity is proven in-process for real file ranges; padding is not reproduced at all because MapTorrentRange omits pad slices (R3-1) so a reverse seed cannot return the original bytes for any piece overlapping a pad file and no external seed was ever served
S-12.5-03,12.5,private-torrent policy preserved and external-upload/cloud-cost separately authorized,src/modelnet/source_torrent.cpp,settorrentsourcepolicy;ReverseTorrentBridge,src/test/modelnet_r3_import_tests.cpp,src/test/modelnet_r3_import_tests.cpp,IMPLEMENTED_AND_PROVEN,continue-20260917-round3,
S-12.5-04,12.5,if the BTX model omitted required files do not claim the full torrent is seeded,src/modelnet/source_torrent.cpp,ReverseTorrentStatusJson,src/test/modelnet_r3_import_tests.cpp,src/test/modelnet_r3_import_tests.cpp,IMPLEMENTED_AND_PROVEN,continue-20260917-round3,TORRENT_PARTIAL_SEED distinct from TORRENT_FULL_SEED
S-12.5-05,12.5,four user-visible states distinguished,src/modelnet/source_torrent.cpp,ReverseTorrentStatusJson,src/test/modelnet_r3_import_tests.cpp,src/test/modelnet_r3_import_tests.cpp,IMPLEMENTED_AND_PROVEN,continue-20260917-round3,SOURCE_IMPORT_COMPLETE/BTX_PUBLISHED/TORRENT_PARTIAL_SEED/TORRENT_FULL_SEED
S-12.5-06,12.5,cloud-backed reverse seeding uses the coalesced read planner; never one object request per block,src/modelnet/source_torrent.cpp;src/modelnet/cloud_layout.cpp,ReverseTorrentBridge;EstimatedGetsPerColdRetrieval,src/test/modelnet_r3_import_tests.cpp,src/test/modelnet_r3_import_tests.cpp,IMPLEMENTED_NOT_YET_PROVEN,continue-20260917-round3,planner reused in code; no measured reverse-seed read amplification
S-12.5-07,12.5,a cost attack on a torrent swarm cannot drain the bucket outside approved limits,src/modelnet/source_torrent.cpp;src/modelnet/s3_store.cpp,ReverseTorrentBridge;OperationBudget,src/test/modelnet_r10_security_tests.cpp,src/test/modelnet_r10_security_tests.cpp,IMPLEMENTED_NOT_YET_PROVEN,continue-20260917-round3,budget cap present; no adversarial swarm run
S-12.5-08,12.5,the native swarm remains usable after the torrent worker or trackers disappear,src/modelnet/source_torrent.cpp;src/modelnet/piece_picker.cpp,TorrentByteSource;PickRarestFirst,src/test/modelnet_r3_import_tests.cpp,src/test/modelnet_r3_import_tests.cpp,IMPLEMENTED_NOT_YET_PROVEN,continue-20260917-round3,architecturally independent; Journey 3 worker-removal step NOT_RUN
S-13.1-01,13.1,default serving is S3/R2 -> provider broker -> native PQ1 recipient,src/modelnet/origin_broker.cpp;src/modelnet/transport_pq.cpp,OriginBroker;transport_pq,src/test/modelnet_network02_ef_tests.cpp,audit/e2e/minio-layouts.log,IMPLEMENTED_WITH_GAP,continue-20260917-round3,cloud read proven against real MinIO; the cloud-to-PQ1 proxied serve leg is NOT_RUN
S-13.1-02,13.1,every canonical piece verified before commit or verified service,src/modelnet/store.cpp;src/modelnet/catalog.cpp,VerifyPiece;PutFetchedPiece,src/test/modelnet_network02_tests.cpp,src/test/modelnet_network02_tests.cpp,IMPLEMENTED_AND_PROVEN,continue-20260917-round3,
S-13.1-03,13.1,proof/index sidecars let a whole-file origin feed canonical pieces,src/modelnet/store.cpp;src/modelnet/piece_store.cpp,PieceIndex;PieceProof,src/test/modelnet_r2_storage_tests.cpp,src/test/modelnet_r2_storage_tests.cpp,IMPLEMENTED_AND_PROVEN,continue-20260917-round3,
S-13.1-04,13.1,pin object generation and compare repeated response metadata to the original mapping,src/modelnet/s3_store.cpp;src/modelnet/origin_broker.cpp,S3PieceStore;OriginBroker,src/test/modelnet_r2_storage_tests.cpp,src/test/modelnet_r2_storage_tests.cpp,IMPLEMENTED_AND_PROVEN,continue-20260917-round3,
S-13.1-05,13.1,an OriginOffer is returned only when operator and requester both enabled external delivery,src/modelnet/origin_broker.cpp;src/modelnet/bootstrap_distributor.h,OriginOfferAllowed;OriginBrokerPolicy,src/test/modelnet_network02_ef_tests.cpp,src/test/modelnet_network02_ef_tests.cpp,IMPLEMENTED_AND_PROVEN,continue-20260917-round3,
S-13.1-06,13.1,an offer binds generation/resource-file-range/operation/expiry/expected size,src/modelnet/origin_broker.cpp;src/modelnet/direct_seed.cpp,OriginBrokerOffer;DirectSeedOffer,src/test/modelnet_network02_ef_tests.cpp,src/test/modelnet_network02_ef_tests.cpp,IMPLEMENTED_AND_PROVEN,continue-20260917-round3,
S-13.1-07,13.1,the cloud URL is a short-lived bearer credential delivered privately and never exported,src/modelnet/direct_seed.cpp;src/modelnet/package_export.cpp,RedactPresignedUrl;PublicExportKeyForbidden;DirectSeedOfferPublicJson,src/test/modelnet_r10_security_tests.cpp;src/test/modelnet_sentinel_secret_tests.cpp,src/test/modelnet_r10_security_tests.cpp,IMPLEMENTED_AND_PROVEN,continue-20260917-round3,
S-13.1-08,13.1,a one-piece request never silently becomes a 400 GiB download,src/modelnet/origin_broker.cpp;src/modelnet/direct_seed.cpp,OriginBrokerRequest;DirectSeedLimits,src/test/modelnet_network02_ef_tests.cpp,src/test/modelnet_network02_ef_tests.cpp,IMPLEMENTED_AND_PROVEN,continue-20260917-round3,
S-13.2-01,13.2,presigned GETs are reusable until expiry and are not one-use metering,src/modelnet/origin_broker.cpp,PresignedGetIsMeter,src/test/modelnet_network02_ef_tests.cpp;src/test/modelnet_r10_security_tests.cpp,src/test/modelnet_network02_ef_tests.cpp,IMPLEMENTED_AND_PROVEN,continue-20260917-round3,PresignedGetIsMeter() asserted false
S-13.2-02,13.2,do not mark replay-safe billing tests PASS merely because the URL is signed,src/modelnet/origin_broker.cpp,PresignedGetIsMeter,src/test/modelnet_r10_security_tests.cpp,audit/acceptance-matrix-notes.md,IMPLEMENTED_AND_PROVEN,continue-20260917-round3,
S-13.2-03,13.2,issuance limits bound grants issued not requests made with them,src/modelnet/direct_seed.cpp;src/modelnet/s3_client.cpp,DirectSeedAllowIssue;PresignGet;HealthJson,src/test/modelnet_r10_security_tests.cpp,audit/r2-storage.md,IMPLEMENTED_WITH_GAP,r-disposition-round2-20260917,DirectSeedAllowIssue does rate-limit issuance per peer and netgroup with a concurrency cap and that is unit-proven; R2S-06 finds PresignGet records the issuance only when a fake is present and S3Client::HealthJson hardcodes presign_count and every request counter to 0 on the non-fake branch so in the only mode that costs money no grant counter exists at the client layer
S-13.2-04,13.2,DIRECT_BEST_EFFORT declared with conservative exposure reservation and disclosed reuse,src/modelnet/origin_broker.cpp,OriginDeliveryMode;OriginDeliveryModeName,src/test/modelnet_network02_ef_tests.cpp,src/test/modelnet_network02_ef_tests.cpp,IMPLEMENTED_AND_PROVEN,continue-20260917-round3,
S-13.2-05,13.2,DIRECT_GATEWAY_METERED validates a nonce/request budget and streams the permitted range,src/modelnet/origin_broker.cpp;src/modelnet/http_bridge.cpp,OriginDeliveryMode;http_bridge,src/test/modelnet_network02_ef_tests.cpp,src/test/modelnet_network02_ef_tests.cpp,IMPLEMENTED_NOT_YET_PROVEN,continue-20260917-round3,mode declared and modelled; no gateway process run
S-13.2-06,13.2,the gateway is compatibility infrastructure not decentralized native delivery,doc/modelnet/web-bridge-boundary.md;src/modelnet/origin_broker.cpp,OriginDeliveryMode,src/test/modelnet_network02_ef_tests.cpp,doc/modelnet/web-bridge-boundary.md,IMPLEMENTED_AND_PROVEN,continue-20260917-round3,
S-13.2-07,13.2,a hard-budget operator can disable direct URLs and retain proxied native delivery,src/modelnet/origin_broker.cpp,OriginBrokerPolicy;OriginModeFromDelivery,src/test/modelnet_network02_ef_tests.cpp,src/test/modelnet_network02_ef_tests.cpp,IMPLEMENTED_AND_PROVEN,continue-20260917-round3,
S-13.2-08,13.2,for whole-file handoff the recipient reserves capacity and accepts full-file ingestion,src/modelnet/origin_broker.cpp;src/modelnet/store.cpp,OriginDeliveryMode;StoreQuota,src/test/modelnet_network02_ef_tests.cpp,src/test/modelnet_network02_ef_tests.cpp,IMPLEMENTED_AND_PROVEN,continue-20260917-round3,FULL_ORIGIN_INGEST_V1 consent
S-13.3-01,13.3,identity/prefix/bucket-account/provider are four distinct failure dimensions,src/modelnet/piece_picker.cpp;src/modelnet/direct_seed.cpp,DiversityKey;NetgroupKey;DirectSeedNetgroup,src/test/modelnet_convergence_tests.cpp,src/test/modelnet_convergence_tests.cpp,IMPLEMENTED_AND_PROVEN,continue-20260917-round3,
S-13.3-02,13.3,metrics distinguish endpoints authenticated identities netgroups and declared correlations,src/modelnet/piece_picker.cpp;src/modelnet/helper_network02.cpp,getmodeloriginhealth;DiversityKey,src/test/modelnet_convergence_tests.cpp,src/test/modelnet_convergence_tests.cpp,IMPLEMENTED_AND_PROVEN,continue-20260917-round3,
S-13.3-03,13.3,an opaque fingerprint may group disclosed shared origins without leaking bucket names,src/modelnet/direct_seed.cpp;src/modelnet/package_export.cpp,DirectSeedNetgroup;PublicExportKeyForbidden,src/test/modelnet_sentinel_secret_tests.cpp,src/test/modelnet_sentinel_secret_tests.cpp,IMPLEMENTED_AND_PROVEN,continue-20260917-round3,
S-13.3-04,13.3,UNKNOWN independence is valid; no count of truly independent copies from aliases,src/modelnet/piece_picker.cpp,DiversityKey;SourceIsFresh,src/test/modelnet_convergence_tests.cpp,src/test/modelnet_convergence_tests.cpp,IMPLEMENTED_AND_PROVEN,continue-20260917-round3,
S-13.3-05,13.3,five providers on one bucket do not prove five durable independent copies,src/modelnet/piece_picker.cpp,NetgroupKey,src/test/modelnet_convergence_tests.cpp,src/test/modelnet_convergence_tests.cpp,IMPLEMENTED_AND_PROVEN,continue-20260917-round3,same netgroup collapses to one origin
S-13.3-06,13.3,origin independence reported only from verified coverage with observation age,src/modelnet/provider_route.cpp;src/modelnet/erasure_manifest.cpp,BootstrapIndependent;EvaluateErasureHealth,src/test/modelnet_r4_route_tests.cpp,src/test/modelnet_r4_route_tests.cpp,IMPLEMENTED_AND_PROVEN,continue-20260917-round3,
S-13.3-07,13.3,reconfirmed by an origin-disabled retrieval in acceptance tests,contrib/modelnet/e2e-fresh-buyer.sh,BootstrapIndependent,src/test/modelnet_r4_route_tests.cpp,audit/e2e/swam-live.log,IMPLEMENTED_WITH_GAP,continue-20260917-round3,unit-proven; the live origin-disabled run used the 45-byte fixture
S-14.1-01,14.1,hot cache / verified durable / pinned / preservation-selected kept separate,src/modelnet/store.cpp;src/modelnet/piece_store.cpp,StoreQuota;TieredPieceStorePolicy,src/test/modelnet_store2_tests.cpp;src/test/modelnet_gap_store_tests.cpp,src/test/modelnet_store2_tests.cpp,IMPLEMENTED_AND_PROVEN,continue-20260917-round3,
S-14.1-02,14.1,GC accounts for capacity remote budgets active leases profile retention and user pins,src/modelnet/store.cpp;src/modelnet/profile.cpp,StoreQuota;ProfilePolicy,src/test/modelnet_gap_store_tests.cpp;src/test/modelnet_infra_tests.cpp,src/test/modelnet_gap_store_tests.cpp,IMPLEMENTED_AND_PROVEN,continue-20260917-round3,
S-14.1-03,14.1,a mirror policy can follow a publisher/collection keep latest N or retain awarded models,src/modelnet/model_watch.cpp;src/modelnet/helper_network02.cpp,setmodelmirror;ModelWatch;WatchKind,src/test/modelnet_watch_tests.cpp,src/test/modelnet_watch_tests.cpp,IMPLEMENTED_AND_PROVEN,continue-20260917-round3,
S-14.1-04,14.1,a mirror policy cannot remove a manually pinned old version because a channel advanced,src/modelnet/model_watch.cpp;src/modelnet/store.cpp,ModelWatch;StoreQuota,src/test/modelnet_watch_tests.cpp,src/test/modelnet_watch_tests.cpp,IMPLEMENTED_AND_PROVEN,continue-20260917-round3,
S-14.1-05,14.1,the swarm healer selects endangered pieces not whole rare models,src/modelnet/piece_picker.cpp;src/modelnet/helper_network02.cpp,EndangeredPieces;setmodelswarmhealer,n/a,src/modelnet/helper_network02.cpp,IMPLEMENTED_NOT_YET_PROVEN,continue-20260917-round3,EndangeredPieces has no direct unit test; only the setmodelswarmhealer call site exercises it
S-14.1-06,14.1,scheduling objective is marginal reconstructability improvement under budget,src/modelnet/piece_picker.cpp,EndangeredPieces,n/a,src/modelnet/helper_network02.cpp,IMPLEMENTED_NOT_YET_PROVEN,continue-20260917-round3,no test asserts the marginal-improvement ordering
S-14.1-07,14.1,do not assume remote advertised capacity is real; fetch and verify,src/modelnet/provider_route.cpp;src/modelnet/residency_state.cpp,LivePieceRangesRequireDirectQuery;RemoteExistenceImpliesVerifiedRemote,src/test/modelnet_r4_route_tests.cpp,src/test/modelnet_r4_route_tests.cpp,IMPLEMENTED_AND_PROVEN,continue-20260917-round3,
S-14.1-08,14.1,no hosting rewards or consensus privileges created,src/modelnet/query_router.cpp;src/modelnet/provider_route.cpp,ProviderThroughputIsRankingAuthority;RoutingTouchesAddrMan,src/test/modelnet_r4_route_tests.cpp,src/test/modelnet_r4_route_tests.cpp,IMPLEMENTED_AND_PROVEN,continue-20260917-round3,
S-14.2-01,14.2,baseline profile BTX-EC-Cauchy-16-20-v1 implemented,src/modelnet/erasure_store.cpp;src/modelnet/erasure_manifest.cpp,EncodeShards;ErasureManifest,src/test/modelnet_r6_erasure_tests.cpp,src/test/modelnet_r6_erasure_tests.cpp,IMPLEMENTED_AND_PROVEN,continue-20260917-round3,
S-14.2-02,14.2,each stripe holds up to sixteen canonical 4 MiB pieces from one file ordered by piece index,src/modelnet/erasure_manifest.cpp,ErasureStripe;ErasureManifest,src/test/modelnet_r6_erasure_tests.cpp,src/test/modelnet_r6_erasure_tests.cpp,IMPLEMENTED_AND_PROVEN,continue-20260917-round3,
S-14.2-03,14.2,pad final piece and missing tail with zeros; store exact byte length and real piece count,src/modelnet/erasure_manifest.cpp;src/modelnet/erasure_store.cpp,ErasureStripe;ErasureEffectivePositionSets,src/test/modelnet_r6_erasure_tests.cpp;src/test/modelnet_gap_erasure_tests.cpp,audit/r6-erasure.md,IMPLEMENTED_WITH_GAP,r-disposition-round2-20260917,zero padding and the exact byte length are stored but R6-01 (HIGH) shows the padding credit is applied to sets.back() which is the last stripe in array order not the highest stripe_index and final_real_piece_count is unchecked against file_size_bytes so a declared final_real_piece_count of 1 can make a one-shard stripe report reconstructable
S-14.2-04,14.2,twenty coded positions: sixteen data four parity,src/modelnet/erasure_store.cpp,EncodeShards,src/test/modelnet_r6_erasure_tests.cpp,src/test/modelnet_r6_erasure_tests.cpp,IMPLEMENTED_AND_PROVEN,continue-20260917-round3,
S-14.2-05,14.2,field polynomial 0x11d identity data rows and parity inverse_GF256(i XOR j) pinned,src/modelnet/erasure_store.cpp,GfMul;EncodeShards,src/test/modelnet_r6_erasure_tests.cpp,src/test/modelnet_r6_erasure_tests.cpp,IMPLEMENTED_AND_PROVEN,continue-20260917-round3,known-answer vectors
S-14.2-06,14.2,a larger 64/80 profile is an additional measured profile not an automatic reinterpretation,src/modelnet/erasure_manifest.cpp,ErasureManifest;profile,src/test/modelnet_unique_todo_tests.cpp,audit/0348-remaining-unique-todos.md,DEFERRED_WITH_EVIDENCE,continue-20260917-round3,64/80 profile NOT_RUN; recorded disposition
S-14.2-07,14.2,reconstruction requires enough distinct valid shard positions for every affected stripe,src/modelnet/erasure_store.cpp,StripeReconstructable,src/test/modelnet_convergence_tests.cpp;src/test/modelnet_r6_erasure_tests.cpp,src/test/modelnet_convergence_tests.cpp,IMPLEMENTED_AND_PROVEN,continue-20260917-round3,k-1 fails; global 80% insufficient
S-14.2-08,14.2,report per-stripe deficit not a global percentage,src/modelnet/erasure_manifest.cpp,ErasureStripeHealth;EvaluateErasureHealth,src/test/modelnet_r6_erasure_tests.cpp,src/test/modelnet_r6_erasure_tests.cpp,IMPLEMENTED_AND_PROVEN,continue-20260917-round3,
S-14.3-01,14.3,ErasureManifest binds artifact/file/codec/stripe count/shard length/tail rules/per-stripe roots,src/modelnet/erasure_manifest.cpp,ErasureManifest;ParseErasureManifest,src/test/modelnet_r6_erasure_tests.cpp,audit/r6-erasure.md,IMPLEMENTED_WITH_GAP,r-disposition-round2-20260917,every field is parsed and digest-validated but R6-02 finds stripe_count file_size_bytes shard_bytes and final_real_piece_count are never reconciled (stripe_count 0 with non-zero file size is accepted) and R6-03 finds the stripe index set need only be distinct so a manifest may describe stripes 7 and 999; shard_index_root is echoed and bound to nothing (R6-04)
S-14.3-02,14.3,it is an auxiliary representation not a new canonical model,src/modelnet/erasure_manifest.cpp,ErasureManifest,src/test/modelnet_r6_erasure_tests.cpp,src/test/modelnet_r6_erasure_tests.cpp,IMPLEMENTED_AND_PROVEN,continue-20260917-round3,
S-14.3-03,14.3,a preservation operator's signature authenticates its claim not parity correctness,src/modelnet/erasure_manifest.cpp;src/modelnet/erasure_store.cpp,ErasureManifest;RepairCanonicalFromShards,src/test/modelnet_r6_erasure_tests.cpp,src/test/modelnet_r6_erasure_tests.cpp,IMPLEMENTED_AND_PROVEN,continue-20260917-round3,
S-14.3-04,14.3,reconstruction always rechecks recovered canonical bytes against the BTX piece tree,src/modelnet/erasure_store.cpp,RepairCanonicalFromShards;RepairStripeFromFiles,src/test/modelnet_r6_erasure_tests.cpp;src/test/modelnet_erasure_io_tests.cpp,audit/r6-erasure.md,MISSING,r-disposition-round2-20260917,R6-04 (HIGH): shard_hash_hex is parsed and then never read by any code path and neither repair entry point hashes its inputs or its destination so one flipped bit yields k wrong canonical shards returned as success and written to disk; no piece-tree recheck exists in the repair path
S-14.3-05,14.3,bound each reconstruction to one stripe or a small permitted window,src/modelnet/erasure_store.cpp,RepairCanonicalFromShards;RepairStripeFromFiles,src/test/modelnet_erasure_io_tests.cpp,audit/r6-erasure.md,MISSING,r-disposition-round2-20260917,R6-05 (HIGH): repair takes no stripe_index argument and gates on the manifest-wide ErasureManifestReconstructable so positions stored by stripe 1 are accepted as a repair with no stripe named; R6-06 adds that a missing stripe is not addressable
S-14.3-06,14.3,verify shard hashes reject duplicates invert the matrix and reconstruct,src/modelnet/erasure_store.cpp,ReconstructShards;StripeReconstructable,src/test/modelnet_r6_erasure_tests.cpp,audit/r6-erasure.md,IMPLEMENTED_WITH_GAP,r-disposition-round2-20260917,duplicate rejection and matrix inversion hold (positions deduplicated via std::set in both health and repair; k distinct required per stripe) but the shard-hash verification leg does not exist at all per R6-04 and R6-10 notes only mutual shard-length equality is enforced never equality with shard_bytes
S-14.3-07,14.3,a malicious parity profile cannot trigger unbounded subset enumeration,src/modelnet/erasure_store.cpp,ReconstructShards,src/test/modelnet_gap_erasure_tests.cpp;src/test/modelnet_r10_security_tests.cpp,src/test/modelnet_gap_erasure_tests.cpp,IMPLEMENTED_AND_PROVEN,continue-20260917-round3,attempt cap proven
S-14.3-08,14.3,correct canonical data may be served while suspect coded data is quarantined,src/modelnet/erasure_manifest.cpp;src/modelnet/store.cpp,EvaluateErasureHealth,src/test/modelnet_gap_erasure_tests.cpp,audit/r6-erasure.md,IMPLEMENTED_WITH_GAP,r-disposition-round2-20260917,canonical serving is independent of the coded plane so the separation holds; the quarantine decision reads EvaluateErasureHealth whose per-stripe verdict is forgeable by manifest array ordering (R6-01) so a suspect profile can present itself as healthy
S-14.4-01,14.4,repair starts only under finite CPU/memory/network/storage reservations,src/modelnet/erasure_store.cpp;src/modelnet/helper_network02.cpp,repairmodel;OperationBudget,src/test/modelnet_erasure_io_tests.cpp,src/test/modelnet_erasure_io_tests.cpp,IMPLEMENTED_AND_PROVEN,continue-20260917-round3,
S-14.4-02,14.4,randomized delay and work leases reduce repair storms; leases are hints not locks,src/modelnet/erasure_store.cpp;src/modelnet/bootstrap_distributor.cpp,BootstrapLease,src/test/modelnet_erasure_io_tests.cpp,src/test/modelnet_erasure_io_tests.cpp,IMPLEMENTED_NOT_YET_PROVEN,continue-20260917-round3,lease shape exists; no multi-node repair-storm test
S-14.4-03,14.4,reconstruct missing canonical pieces first then replenish parity,src/modelnet/erasure_store.cpp,RepairCanonicalFromShards;RepairStripeFromFiles,src/test/modelnet_erasure_io_tests.cpp,src/test/modelnet_erasure_io_tests.cpp,IMPLEMENTED_AND_PROVEN,continue-20260917-round3,
S-14.4-04,14.4,verify written replacements and announce only durable availability,src/modelnet/erasure_store.cpp;src/modelnet/store.cpp,RepairStripeFromFiles;PutVerifiedPiece,src/test/modelnet_erasure_io_tests.cpp,audit/r6-erasure.md,MISSING,r-disposition-round2-20260917,R6-04 (HIGH): RepairStripeFromFiles writes the decoded stripe to dest_path and reports success without hashing the written bytes; verifying the destination before declaring the repair complete is listed as an unimplemented fix so a silently wrong repair is announced as durable
S-14.4-05,14.4,loss tolerance is conditional on per-stripe coverage and observed failure domains,src/modelnet/erasure_manifest.cpp,ErasureStripeHealth;EvaluateErasureHealth,src/test/modelnet_r6_erasure_tests.cpp,audit/r6-erasure.md,IMPLEMENTED_WITH_GAP,r-disposition-round2-20260917,the per-stripe coverage half is real (deficit and reconstructable are per stripe) but R6-07 (HIGH) finds no failure-domain field anywhere on ErasureStripe or ErasureStripeHealth so twenty shards on one host cannot be distinguished from twenty on twenty hosts
S-15.1-01,15.1,EventJournal stores a local generation UUID and monotonic uint64 sequence,src/modelnet/event_journal.cpp,ModelEventJournal;ModelEvent,src/test/modelnet_event_tests.cpp,src/test/modelnet_event_tests.cpp,IMPLEMENTED_AND_PROVEN,continue-20260917-round3,
S-15.1-02,15.1,an event carries logical ID/object/issuer/record digest or chain anchor/time/provenance/predecessor,src/modelnet/event_journal.cpp,ModelEvent;MakeModelEventId;MakeDedupeKey,src/test/modelnet_event_tests.cpp,src/test/modelnet_event_tests.cpp,IMPLEMENTED_AND_PROVEN,continue-20260917-round3,
S-15.1-03,15.1,state transition and event persisted in one transaction then subscribers notified,src/modelnet/event_journal.cpp,ModelEventJournal;ObserveResult,src/test/modelnet_event_tests.cpp,src/test/modelnet_event_tests.cpp,IMPLEMENTED_AND_PROVEN,continue-20260917-round3,
S-15.1-04,15.1,replay is at-least-once and receivers deduplicate by event ID,src/modelnet/event_journal.cpp,MakeDedupeKey;MakeModelEventId,src/test/modelnet_event_tests.cpp;src/test/modelnet_watch_tests.cpp,src/test/modelnet_event_tests.cpp,IMPLEMENTED_AND_PROVEN,continue-20260917-round3,no exactly-once promise
S-15.1-05,15.1,getmodelevents returns bounded pages and a cursor bound to generation and filter digest,src/modelnet/event_journal.cpp;src/modelnet/helper_network02.cpp,getmodelevents;EventMatchFields,src/test/modelnet_event_tests.cpp,src/test/modelnet_event_tests.cpp,IMPLEMENTED_AND_PROVEN,continue-20260917-round3,
S-15.1-06,15.1,waitformodelevent is cancellable long polling with max wait and bounded parked clients,src/modelnet/helper_network02.cpp,waitformodelevent,src/test/modelnet_event_tests.cpp,src/test/modelnet_event_tests.cpp,IMPLEMENTED_AND_PROVEN,continue-20260917-round3,not one thread per caller
S-15.1-07,15.1,after retention truncation return CURSOR_TOO_OLD with a reconciliation route,src/modelnet/event_journal.cpp;src/modelnet/index_reconcile.cpp,CURSOR_TOO_OLD;IndexReconciler,src/test/modelnet_event_tests.cpp,src/test/modelnet_event_tests.cpp,IMPLEMENTED_AND_PROVEN,continue-20260917-round3,not an empty success
S-15.1-08,15.1,event streams reveal local observations not a global authoritative timeline,src/modelnet/event_journal.cpp;doc/modelnet/events.md,ModelEvent,src/test/modelnet_event_tests.cpp,doc/modelnet/events.md,IMPLEMENTED_AND_PROVEN,continue-20260917-round3,
S-15.2-01,15.2,watch publisher/collection/channel/model/bounty or a bounded query,src/modelnet/model_watch.cpp,WatchKind;ParseWatchKind;ModelWatch,src/test/modelnet_watch_tests.cpp,src/test/modelnet_watch_tests.cpp,IMPLEMENTED_AND_PROVEN,continue-20260917-round3,
S-15.2-02,15.2,match verified objects only; metadata text never becomes an instruction,src/modelnet/model_watch.cpp;src/modelnet/event_journal.cpp,WatchMatchesEvent;EventTextMayBecomeCommand;SanitizeUntrustedEventText,src/test/modelnet_watch_tests.cpp;src/test/modelnet_r10_security_tests.cpp,src/test/modelnet_r10_security_tests.cpp,IMPLEMENTED_AND_PROVEN,continue-20260917-round3,
S-15.2-03,15.2,new-query matches emit entry and optional departure events deduped across gossip/search/reconciliation,src/modelnet/model_watch.cpp,SearchRecordMatchesWatch;MakeDedupeKey,src/test/modelnet_watch_tests.cpp,src/test/modelnet_watch_tests.cpp,IMPLEMENTED_AND_PROVEN,continue-20260917-round3,
S-15.2-04,15.2,restoring an index must not replay old discoveries as new chargeable actions,src/modelnet/model_watch.cpp;src/modelnet/event_journal.cpp,QueuedWatchAction;MakeDedupeKey,src/test/modelnet_watch_tests.cpp,src/test/modelnet_watch_tests.cpp,IMPLEMENTED_AND_PROVEN,continue-20260917-round3,journal restart dedup proven
S-15.2-05,15.2,five actions supported: NOTIFY FREE_DOWNLOAD KEEP_BY_POLICY PREPARE_FUNDING FUND_UNDER_SUBSCRIPTION,src/modelnet/model_watch.cpp,ActionPolicy;ParseActionPolicy,src/test/modelnet_watch_tests.cpp,src/test/modelnet_watch_tests.cpp,IMPLEMENTED_AND_PROVEN,continue-20260917-round3,
S-15.2-06,15.2,download never implies execute; a channel update never silently replaces a running model,src/modelnet/model_watch.cpp;src/modelnet/package_execute.cpp,ActionPolicy;SignedChannel,src/test/modelnet_watch_tests.cpp,src/test/modelnet_watch_tests.cpp,IMPLEMENTED_AND_PROVEN,continue-20260917-round3,
S-15.2-07,15.2,funding preparation refreshes full terms and chain state not a cached funded-percent badge,src/modelnet/subscription_mandate.cpp;src/modelnet/package_economy.cpp,PrepareFundingPlan;SignedTerms,src/test/modelnet_submandate_tests.cpp,audit/btx-package-vectors/invalid/stale-percent-funded.json,IMPLEMENTED_WITH_GAP,continue-20260917-round3,stale-observation vector rejected; live chain refresh NOT_RUN
S-15.3-01,15.3,SubscriptionMandate is separate from exact-terms AgentMandate,src/modelnet/subscription_mandate.cpp,SubscriptionMandate;SignedTerms,src/test/modelnet_submandate_tests.cpp,audit/r8-wallet.md,IMPLEMENTED_WITH_GAP,r-disposition-round2-20260917,the two types are genuinely separate and the standing-authority shape is right; F-R8-04 finds SignedTerms is never signature-checked (known = terms_id and publisher_id both non-empty) so the exact-terms counterparty is asserted not authenticated; modelnet_r8_mandate_tests.cpp is not in the CMake source list and was never executed so it is not cited as evidence
S-15.3-02,15.3,mandate binds network/publishers/kinds/per-action max/lifetime/exposure/count/reservations/expiry/refund/confirmations/assurance,src/modelnet/subscription_mandate.cpp,SubscriptionMandate;ValidateMandate;Evaluate,src/test/modelnet_submandate_tests.cpp,audit/r8-wallet.md,IMPLEMENTED_WITH_GAP,r-disposition-round2-20260917,publisher action expiry and the caps hold in-process; four of the twelve do not bind as written - F-R8-01 empty object_kind bypasses kind binding F-R8-02 refund_key and recipient_id are never compared to owner_identity F-R8-03 an absent network_id skips the network check F-R8-07 outstanding exposure is a cumulative total that never settles; F-R8-06 adds that none of it is persisted so limits are per-process-lifetime
S-15.3-03,15.3,wildcard publishers or unlimited lifetimes are invalid,src/modelnet/subscription_mandate.cpp,ValidateMandate;ValidateWatchActionPolicy,src/test/modelnet_submandate_tests.cpp,audit/r8-wallet.md,IMPLEMENTED_WITH_GAP,r-disposition-round2-20260917,explicit wildcards and unbounded lifetimes are rejected at parse time; F-R8-01 shows omission achieves what the wildcard is denied because the kind checks are guarded by a non-empty test so terms and event that both omit object_kind satisfy allowed_kinds=[RELEASE]
S-15.3-04,15.3,the wallet verifies scope reserves budget atomically and records idempotency before signing,src/modelnet/subscription_mandate.cpp;src/wallet/model_funding.cpp,Reservation;SubscriptionBudget;Evaluate,src/test/modelnet_submandate_tests.cpp,audit/r8-wallet.md,IMPLEMENTED_WITH_GAP,r-disposition-round2-20260917,scope check atomic reserve and the idempotency key hold in-process and concurrent triggers are unit-proven; the before-signing half does not exist - neither the prepare/sign/submit RPCs nor FrozenFundingQuote mention a mandate and MergeHelperCampaign is a deliberate no-op so mandate-driven wallet signing is HONEST_NOT_RUN for want of code; F-R8-09 adds that the idempotency key is event_id alone with no terms_id or object_id
S-15.3-05,15.3,each future terms ID becomes fixed in the resulting action record,src/modelnet/subscription_mandate.cpp,SignedTerms;SubscriptionEvent,src/test/modelnet_submandate_tests.cpp,src/test/modelnet_submandate_tests.cpp,IMPLEMENTED_AND_PROVEN,continue-20260917-round3,
S-15.3-06,15.3,helper or event code cannot widen the mandate,src/modelnet/subscription_mandate.cpp,ValidateMandate;Evaluate,src/test/modelnet_submandate_tests.cpp,audit/r8-wallet.md,IMPLEMENTED_WITH_GAP,r-disposition-round2-20260917,the helper cannot raise a cap and holds no wallet key which is the load-bearing part; an event can nonetheless escape two checks by omission (F-R8-01 object_kind F-R8-03 network_id) and F-R8-05 finds the getmodelwatchactions drain calls reservesubscriptionmandate itself - fail-closed today only because QueuedWatchAction carries no terms
S-15.3-07,15.3,key rotation requires delegation policy and fresh operator approval for a new root key,src/modelnet/subscription_mandate.cpp,SubscriptionMandate;approval_ref;delegation_policy,src/test/modelnet_submandate_tests.cpp,audit/r8-wallet.md,IMPLEMENTED_NOT_YET_PROVEN,r-disposition-round2-20260917,the rule is encoded in the mandate fields; no rotation is exercised and the proposed r8 unit file is not in the CMake source list so nothing executes against it
S-15.4-01,15.4,chain-derived funding/award events carry block hashes and confirmation context,src/modelnet/event_journal.cpp;src/modelnet/funding.cpp,ModelEvent;funding,src/test/modelnet_funding_tests.cpp;src/test/modelnet_event_tests.cpp,src/test/modelnet_funding_tests.cpp,IMPLEMENTED_AND_PROVEN,continue-20260917-round3,
S-15.4-02,15.4,a reorg emits a correcting event and freezes affected unsent actions until revalidation,src/modelnet/event_journal.cpp;src/modelnet/subscription_mandate.cpp,RevertedEventType;NoteChainReorg,src/test/modelnet_event_tests.cpp;src/test/modelnet_submandate_tests.cpp,audit/r8-wallet.md,IMPLEMENTED_WITH_GAP,r-disposition-round2-20260917,the correcting-event type and the reserved-stays-reserved invariant are unit-proven; F-R8-08 finds NoteChainReorg and MarkBroadcast have no production callers so reorg_count is always 0 in a running node and a dropped funding tx leaves the event marked broadcast with no re-authorization path
S-15.4-03,15.4,reorganized funds are not counted available merely because a tx left one block,src/modelnet/funding.cpp;src/modelnet/subscription_mandate.cpp,funding;SubscriptionBudget,src/test/modelnet_funding_tests.cpp,src/test/modelnet_funding_tests.cpp,IMPLEMENTED_AND_PROVEN,continue-20260917-round3,
S-15.4-04,15.4,a disclosed release secret stays known after a reorg; knowledge state separate from settlement,src/modelnet/release.cpp;src/modelnet/event_journal.cpp,release;RevertedEventType,src/test/modelnet_release_directory_tests.cpp,src/test/modelnet_release_directory_tests.cpp,IMPLEMENTED_AND_PROVEN,continue-20260917-round3,
S-16.1-01,16.1,a .btx shares a model/variant index/collection/release/bounty without a canonical website,src/modelnet/package_core.cpp,PackageCoreVersion;DecodedBtxPackage,src/test/modelnet_r7_package_tests.cpp,audit/btx-package-vectors/,IMPLEMENTED_AND_PROVEN,continue-20260917-round3,
S-16.1-02,16.1,it never contains wallet secrets cloud credentials reusable presigned URLs install scripts or a spend mandate,src/modelnet/package_export.cpp,PublicExportKeyForbidden;PublicExportObjectAllowed,src/test/modelnet_sentinel_secret_tests.cpp;src/test/modelnet_r7_package_tests.cpp,src/test/modelnet_sentinel_secret_tests.cpp,IMPLEMENTED_AND_PROVEN,continue-20260917-round3,
S-16.1-03,16.1,a bounty may have no winning model yet; do not invent a model ID,src/modelnet/package_economy.cpp,package_economy,src/test/modelnet_r7_package_tests.cpp,src/test/modelnet_r7_package_tests.cpp,IMPLEMENTED_AND_PROVEN,continue-20260917-round3,
S-16.1-04,16.1,opening is local preview only,src/modelnet/package_core.cpp;src/modelnet/helper_network02.cpp,inspectbtxpackage;DecodeBtxPackage,src/test/modelnet_r7_package_tests.cpp,src/test/modelnet_r7_package_tests.cpp,IMPLEMENTED_AND_PROVEN,continue-20260917-round3,no automatic endpoint contact
S-16.1-05,16.1,refresh/acquire/publish/follow/origin-use/fund are distinct explicit actions,src/modelnet/package_acquisition.cpp;src/modelnet/helper_network02.cpp,importbtxpackage;package_acquisition,src/test/modelnet_r7_package_tests.cpp,src/test/modelnet_r7_package_tests.cpp,IMPLEMENTED_AND_PROVEN,continue-20260917-round3,
S-16.1-06,16.1,the preview shows commitments issuer variants sizes hints and observation freshness,src/modelnet/package_core.cpp;src/modelnet/package_documents.cpp,DecodedBtxPackage;PackageInspection,src/test/modelnet_r7_package_tests.cpp,src/test/modelnet_r7_package_tests.cpp,IMPLEMENTED_AND_PROVEN,continue-20260917-round3,fresh/stale/unknown distinguished
S-16.2-01,16.2,BTXPKG1 magic 42 54 58 50 4b 47 00 01,src/modelnet/package_core.cpp,EncodeBtxPackage;DecodeBtxPackage,src/test/modelnet_r7_package_tests.cpp;src/test/modelnet_ahp_frm_tests.cpp,audit/btx-package-vectors/,IMPLEMENTED_AND_PROVEN,continue-20260917-round3,
S-16.2-02,16.2,uint32 LE flags uint64 LE payload length and 48-byte SHA-384 of the payload,src/modelnet/package_core.cpp,EncodeBtxPackage;DecodeBtxPackage,src/test/modelnet_r7_package_tests.cpp,audit/btx-package-vectors/,IMPLEMENTED_AND_PROVEN,continue-20260917-round3,
S-16.2-03,16.2,maximum thin payload 4 MiB and no compression in v1,src/modelnet/package_core.cpp,DecodeBtxPackage,src/test/modelnet_r7_package_tests.cpp;src/test/modelnet_r10_security_tests.cpp,audit/btx-package-vectors/invalid/,IMPLEMENTED_AND_PROVEN,continue-20260917-round3,
S-16.2-04,16.2,reject unsupported critical flags truncated/trailing bytes and length overflow before allocation,src/modelnet/package_core.cpp,DecodeBtxPackage,src/test/modelnet_r7_package_tests.cpp,audit/btx-package-vectors/invalid/,IMPLEMENTED_AND_PROVEN,continue-20260917-round3,
S-16.2-05,16.2,BTX-PJSON1 canonical encoding: sorted ASCII keys compact separators no floats/exponents/NaN,src/modelnet/package_pjson.cpp,EncodePjson1;DecodePjson1,src/test/modelnet_r7_package_tests.cpp;src/test/modelnet_ahp_frm_tests.cpp,src/test/modelnet_r7_package_tests.cpp,IMPLEMENTED_AND_PROVEN,continue-20260917-round3,
S-16.2-06,16.2,no duplicate keys; integers bounded to exact range; monetary amounts as decimal strings,src/modelnet/package_pjson.cpp,DecodePjson1,src/test/modelnet_r7_package_tests.cpp,audit/btx-package-vectors/invalid/,IMPLEMENTED_AND_PROVEN,continue-20260917-round3,
S-16.2-07,16.2,strings not silently normalized; reject invalid UTF-8 and disallowed controls,src/modelnet/package_pjson.cpp,DecodePjson1,src/test/modelnet_r7_package_tests.cpp;src/test/modelnet_r10_security_tests.cpp,src/test/modelnet_r10_security_tests.cpp,IMPLEMENTED_AND_PROVEN,continue-20260917-round3,
S-16.2-08,16.2,round-trip reserialization equals the original canonical payload,src/modelnet/package_pjson.cpp,Pjson1Equals,src/test/modelnet_r7_package_tests.cpp,src/test/modelnet_r7_package_tests.cpp,IMPLEMENTED_AND_PROVEN,continue-20260917-round3,
S-16.2-09,16.2,legacy canonical records embedded as byte strings/digest refs not reparsed and resigned,src/modelnet/package_core.cpp;src/modelnet/package_export.cpp,EncodeLegacyAcquisitionExport;ValidatePackagePayload,src/test/modelnet_r7_package_tests.cpp,src/test/modelnet_r7_package_tests.cpp,IMPLEMENTED_AND_PROVEN,continue-20260917-round3,
S-16.2-10,16.2,payload has core observations and signatures,src/modelnet/package_core.cpp,ValidatePackagePayload,src/test/modelnet_r7_package_tests.cpp,src/test/modelnet_r7_package_tests.cpp,IMPLEMENTED_AND_PROVEN,continue-20260917-round3,
S-16.2-11,16.2,package_core_id = SHA384(BTX/PackageCore/v1 || 0x00 || LE64(len) || core),src/modelnet/package_core.cpp,PackageCoreId,src/test/modelnet_ahp_auth_tests.cpp;src/test/modelnet_r7_package_tests.cpp,src/test/modelnet_ahp_auth_tests.cpp,IMPLEMENTED_AND_PROVEN,continue-20260917-round3,explicit new domain
S-16.2-12,16.2,an ML-DSA signature authenticates the digest with a declared package-author identity,src/modelnet/package_core.cpp,VerifyPackageCoreSignature,src/test/modelnet_ahp_auth_tests.cpp,src/test/modelnet_ahp_auth_tests.cpp,IMPLEMENTED_AND_PROVEN,continue-20260917-round3,not a wallet or original-publisher signature
S-16.2-13,16.2,observations keep their own origin/time/signature and do not alter canonical model IDs,src/modelnet/package_core.cpp;src/modelnet/package_economy.cpp,ValidatePackagePayload,src/test/modelnet_r7_package_tests.cpp,src/test/modelnet_r7_package_tests.cpp,IMPLEMENTED_AND_PROVEN,continue-20260917-round3,
S-16.2-14,16.2,the payload hash detects corruption not publisher authenticity,src/modelnet/package_core.cpp,DecodeBtxPackage;VerifyPackageCoreSignature,src/test/modelnet_r7_package_tests.cpp,src/test/modelnet_r7_package_tests.cpp,IMPLEMENTED_AND_PROVEN,continue-20260917-round3,verifybtxpackage returns separate statuses
S-16.3-01,16.3,ResourceDescriptor has kind canonical URI/digest expected metadata commitment and size,src/modelnet/package_core.cpp;src/modelnet/resource_uri.cpp,DecodedBtxPackage;resource_uri,src/test/modelnet_r7_package_tests.cpp;src/test/modelnet_uri_resolve_tests.cpp,src/test/modelnet_r7_package_tests.cpp,IMPLEMENTED_AND_PROVEN,continue-20260917-round3,
S-16.3-02,16.3,variant entries point to distinct immutable resources with compatibility requirements,src/modelnet/package_core.cpp;src/modelnet/capability_compose.cpp,ValidatePackagePayload,src/test/modelnet_ahp_var_tests.cpp,src/test/modelnet_ahp_var_tests.cpp,IMPLEMENTED_AND_PROVEN,continue-20260917-round3,
S-16.3-03,16.3,dependency DAGs must be acyclic and bounded,src/modelnet/package_core.cpp,ValidatePackagePayload,src/test/modelnet_ahp_var_tests.cpp;src/test/modelnet_r10_security_tests.cpp,src/test/modelnet_r10_security_tests.cpp,IMPLEMENTED_AND_PROVEN,continue-20260917-round3,
S-16.3-04,16.3,a selected subset is not a complete artifact unless it meets declared completeness rules,src/modelnet/selective_files.cpp;src/modelnet/qualification.cpp,SelectiveFileSet;qualification,src/test/modelnet_convergence_tests.cpp,src/test/modelnet_convergence_tests.cpp,IMPLEMENTED_AND_PROVEN,continue-20260917-round3,
S-16.3-05,16.3,optional metadata profiles must not mutate old canonical ModelCore fields,src/modelnet/cores.cpp;src/modelnet/package_core.cpp,cores;PackageCoreVersion,src/test/modelnet_vstar_regression_tests.cpp,src/test/modelnet_vstar_regression_tests.cpp,IMPLEMENTED_AND_PROVEN,continue-20260917-round3,
S-16.3-06,16.3,economy references carry immutable campaign/bounty/terms IDs,src/modelnet/package_economy.cpp,package_economy,src/test/modelnet_ahp_eco_tests.cpp;src/test/modelnet_r7_package_tests.cpp,src/test/modelnet_ahp_eco_tests.cpp,IMPLEMENTED_AND_PROVEN,continue-20260917-round3,
S-16.3-07,16.3,a cached reward or funded percentage is a dated observation refreshed before funding,src/modelnet/package_economy.cpp;src/modelnet/subscription_mandate.cpp,PrepareFundingPlan,src/test/modelnet_submandate_tests.cpp,audit/btx-package-vectors/invalid/stale-percent-funded.json,IMPLEMENTED_WITH_GAP,continue-20260917-round3,stale vector rejected; live chain refresh NOT_RUN
S-16.3-08,16.3,offline previews may show stale information but cannot authorize spending,src/modelnet/package_economy.cpp;src/modelnet/helper.cpp,automatic_spend_atoms,src/test/modelnet_convergence_tests.cpp,src/test/modelnet_convergence_tests.cpp,IMPLEMENTED_AND_PROVEN,continue-20260917-round3,
S-16.3-09,16.3,source hints remain untrusted endpoints requiring policy DNS/SSRF checks and identity auth,src/modelnet/source_policy.cpp;src/modelnet/direct_seed.cpp,SourceLocatorAllowed;LooksLikeMetadataServiceHost,src/test/modelnet_r10_security_tests.cpp,src/test/modelnet_r10_security_tests.cpp,IMPLEMENTED_AND_PROVEN,continue-20260917-round3,
S-16.4-01,16.4,.btxbundle is a separately identified streaming container not a giant thin descriptor or ZIP,src/modelnet/package_bundle.cpp;src/modelnet/package_export.cpp,EncodeBtxBundle;LooksLikeBtxBundle,src/test/modelnet_r7_package_tests.cpp,src/test/modelnet_r7_package_tests.cpp,IMPLEMENTED_AND_PROVEN,continue-20260917-round3,
S-16.4-02,16.4,begins with a checked thin descriptor then typed length-delimited records and an optional index,src/modelnet/package_bundle.cpp,EncodeBtxBundle;DecodeBtxBundle,src/test/modelnet_r7_package_tests.cpp,src/test/modelnet_r7_package_tests.cpp,IMPLEMENTED_AND_PROVEN,continue-20260917-round3,
S-16.4-03,16.4,each record binds resource/file/piece or erasure position exact length and digest/proof,src/modelnet/package_bundle.cpp,DecodeBtxBundle,src/test/modelnet_r7_package_tests.cpp,src/test/modelnet_r7_package_tests.cpp,IMPLEMENTED_AND_PROVEN,continue-20260917-round3,
S-16.4-04,16.4,do not derive filesystem paths from record names,src/modelnet/package_bundle.cpp;src/modelnet/store.cpp,DecodeBtxBundle;IsPortableRelPath,src/test/modelnet_r10_security_tests.cpp,src/test/modelnet_r10_security_tests.cpp,IMPLEMENTED_AND_PROVEN,continue-20260917-round3,
S-16.4-05,16.4,support streaming import and interruption without equal additional local storage,src/modelnet/package_bundle.cpp;src/modelnet/package_acquisition.cpp,DecodeBtxBundle;package_acquisition,src/test/modelnet_r7_package_tests.cpp,src/test/modelnet_r7_package_tests.cpp,IMPLEMENTED_NOT_YET_PROVEN,continue-20260917-round3,streaming decode exists; no interrupted large-bundle run
S-16.4-06,16.4,reject overlapping/conflicting entries duplicate critical records bombs and unbounded traversal,src/modelnet/package_bundle.cpp,DecodeBtxBundle,src/test/modelnet_r10_security_tests.cpp;src/test/modelnet_r7_package_tests.cpp,src/test/modelnet_r10_security_tests.cpp,IMPLEMENTED_AND_PROVEN,continue-20260917-round3,
S-16.4-07,16.4,opening a bundle does not execute content,src/modelnet/package_execute.cpp;src/modelnet/package_bundle.cpp,package_execute,src/test/modelnet_r7_package_tests.cpp,src/test/modelnet_r7_package_tests.cpp,IMPLEMENTED_AND_PROVEN,continue-20260917-round3,
S-16.5-01,16.5,inspect/verify/create/export/import commands implemented,src/modelnet/helper_network02.cpp;src/modelnet/package_core.cpp,inspectbtxpackage;verifybtxpackage;createbtxpackage;exportbtxbundle;importbtxpackage,src/test/modelnet_r7_package_tests.cpp;src/test/modelnet_network02_audit_tests.cpp,src/test/modelnet_network02_audit_tests.cpp,IMPLEMENTED_AND_PROVEN,continue-20260917-round3,all five RPCs dispatch
S-16.5-02,16.5,Qt drag/drop and OS file associations,src/qt/modelnetpage.cpp;contrib/modelnet/btx-open.desktop;contrib/modelnet/install-os-handler.sh,modelnetpage,n/a,contrib/modelnet/btx-open.desktop,IMPLEMENTED_NOT_YET_PROVEN,continue-20260917-round3,desktop handler and Qt page exist; BUILD_GUI=OFF (no qt6-base-dev) so GUI NOT_RUN
S-16.5-03,16.5,a vendor media type marked application-specific until registered,contrib/modelnet/btx-open.desktop,n/a,n/a,contrib/modelnet/btx-open.desktop,IMPLEMENTED_AND_PROVEN,continue-20260917-round3,
S-16.5-04,16.5,an independent reference parser for envelope/canonicalization plus golden invalid vectors,contrib/modelnet/reference;audit/btx-package-vectors,n/a,src/test/modelnet_r7_package_tests.cpp,audit/btx-package-vectors/invalid/,IMPLEMENTED_AND_PROVEN,continue-20260917-round3,
S-16.5-05,16.5,ML-DSA conformance needs real vectors; a framing-only reference test is not PQ validation,src/modelnet/package_core.cpp;contrib/modelnet/reference,VerifyPackageCoreSignature,src/test/modelnet_ahp_auth_tests.cpp,audit/agent-package-compatibility.md,IMPLEMENTED_WITH_GAP,continue-20260917-round3,native ML-DSA verify proven in-tree; the independent reference parser covers framing only
S-17.1-01,17.1,exact lookup starts from verified identity and asks for providers,src/modelnet/router.cpp;src/modelnet/provider_route.cpp,PlanRouterQueries;LookupStep,src/test/modelnet_r4_route_tests.cpp,src/test/modelnet_r4_route_tests.cpp,IMPLEMENTED_AND_PROVEN,continue-20260917-round3,
S-17.1-02,17.1,text/structured search discovers identities and availability is a bounded current observation,src/modelnet/search.cpp,SearchQuery;ProviderObservation;AvailabilityClass,src/test/modelnet_search_tests.cpp,src/test/modelnet_search_tests.cpp,IMPLEMENTED_AND_PROVEN,continue-20260917-round3,
S-17.1-03,17.1,relevance signature freshness diversity compatibility and economy remain separate fields,src/modelnet/search.cpp,SearchHit;SearchFilters;SwarmHealth,src/test/modelnet_search_tests.cpp;src/test/modelnet_search_economy_tests.cpp,src/test/modelnet_search_tests.cpp,IMPLEMENTED_AND_PROVEN,continue-20260917-round3,
S-17.1-04,17.1,no single global reputation or quality score replaces those fields,src/modelnet/query_router.cpp,ProviderThroughputIsRankingAuthority,src/test/modelnet_r4_route_tests.cpp,src/test/modelnet_r4_route_tests.cpp,IMPLEMENTED_AND_PROVEN,continue-20260917-round3,
S-17.1-05,17.1,provider records are signed claims requiring expiration and revalidation,src/modelnet/provider_route.cpp,ProviderRecord;VerifyProviderRecord;SignProviderRecord,src/test/modelnet_conn_tests.cpp;src/test/modelnet_r4_route_tests.cpp,src/test/modelnet_conn_tests.cpp,IMPLEMENTED_AND_PROVEN,continue-20260917-round3,
S-17.1-06,17.1,session want-have maps refine compact routing hints after a connection,src/modelnet/piece_picker.cpp;src/modelnet/provider_route.cpp,SourceHasPiece;LivePieceRangesRequireDirectQuery,src/test/modelnet_convergence_tests.cpp,src/test/modelnet_convergence_tests.cpp,IMPLEMENTED_AND_PROVEN,continue-20260917-round3,
S-17.1-07,17.1,a source may be complete partial cloud-assisted or erasure-assisted; unknown != all,src/modelnet/search.cpp;src/modelnet/piece_picker.cpp,AvailabilityClass;SourceHasPiece,src/test/modelnet_search_tests.cpp;src/test/modelnet_network02_tests.cpp,src/test/modelnet_network02_tests.cpp,IMPLEMENTED_AND_PROVEN,continue-20260917-round3,
S-17.1-08,17.1,control messages cannot insert monetary addresses or RPC ports into model routing,src/modelnet/provider_route.cpp,AcceptProviderRecordType;RoutingTouchesAddrMan,src/test/modelnet_r4_route_tests.cpp,src/test/modelnet_r4_route_tests.cpp,IMPLEMENTED_AND_PROVEN,continue-20260917-round3,
S-17.2-01,17.2,summaries carry version tokenizer version epoch snapshot expiration and size,src/modelnet/metadata_gossip.cpp,QuerySummary;SummarizeQueryHits,src/test/modelnet_r5_gossip_tests.cpp,src/test/modelnet_r5_gossip_tests.cpp,IMPLEMENTED_AND_PROVEN,continue-20260917-round3,
S-17.2-02,17.2,summaries only order potential responders,src/modelnet/query_router.cpp,QueryPeerHint;QueryPeerPreference,src/test/modelnet_r4_route_tests.cpp,src/test/modelnet_r4_route_tests.cpp,IMPLEMENTED_AND_PROVEN,continue-20260917-round3,
S-17.2-03,17.2,a stale saturated mismatched or malicious summary is UNKNOWN and triggers exploration,src/modelnet/query_router.cpp;src/modelnet/metadata_gossip.cpp,QueryPeerPreference;QuerySummary,src/test/modelnet_r4_route_tests.cpp,src/test/modelnet_r4_route_tests.cpp,IMPLEMENTED_AND_PROVEN,continue-20260917-round3,not a permanent hard exclusion
S-17.2-04,17.2,summary hashes do not make keywords private; dictionary attacks remain possible,doc/modelnet/search.md;src/modelnet/metadata_gossip.cpp,QuerySummary,src/test/modelnet_r5_gossip_tests.cpp,doc/modelnet/search.md,IMPLEMENTED_AND_PROVEN,continue-20260917-round3,documented; no privacy claim made
S-17.2-05,17.2,private/gated records excluded from public summaries,src/modelnet/metadata_gossip.cpp;src/modelnet/access_policy.cpp,SummarizeQueryHits;access_policy,src/test/modelnet_r5_gossip_tests.cpp;src/test/modelnet_r10_security_tests.cpp,src/test/modelnet_r10_security_tests.cpp,IMPLEMENTED_AND_PROVEN,continue-20260917-round3,
S-17.2-06,17.2,summary recomputation and transmission budgeted; changes batched by time or generation,src/modelnet/metadata_gossip.cpp,QuerySummary;GossipMessageAllowed,src/test/modelnet_r5_gossip_tests.cpp,src/test/modelnet_r5_gossip_tests.cpp,IMPLEMENTED_AND_PROVEN,continue-20260917-round3,
S-17.2-07,17.2,summary-maintenance traffic included in search-efficiency benchmarks,audit/performance-0.34.8.md,n/a,n/a,audit/performance-0.34.8.md,MISSING,continue-20260917-round3,no search-efficiency benchmark that accounts for summary overhead
S-17.3-01,17.3,begin locally then query a small diverse set of likely index peers,src/modelnet/query_router.cpp,DynamicQueryPlan;QueryRouter,src/test/modelnet_r4_route_tests.cpp;src/test/modelnet_network02_tests.cpp,src/test/modelnet_r4_route_tests.cpp,IMPLEMENTED_AND_PROVEN,continue-20260917-round3,
S-17.3-02,17.3,expand only when unique verified useful results are below target and budgets permit,src/modelnet/query_router.cpp,QueryBudget;DynamicQueryPlan,src/test/modelnet_r4_route_tests.cpp,src/test/modelnet_r4_route_tests.cpp,IMPLEMENTED_NOT_YET_PROVEN,continue-20260917-round3,plan logic unit-proven; popular/rare expansion never run against real peers
S-17.3-03,17.3,duplicate or stale records do not satisfy the useful-result target,src/modelnet/query_router.cpp,HitIds;RoutedQuery,src/test/modelnet_r4_route_tests.cpp,src/test/modelnet_r4_route_tests.cpp,IMPLEMENTED_AND_PROVEN,continue-20260917-round3,
S-17.3-04,17.3,exploration preserved so a cold node finds unfamiliar publishers,src/modelnet/query_router.cpp,DynamicQueryPlan,src/test/modelnet_r4_route_tests.cpp,src/test/modelnet_r4_route_tests.cpp,IMPLEMENTED_AND_PROVEN,continue-20260917-round3,
S-17.3-05,17.3,bound concurrency visited IDs forwarding hops and recursive contributions,src/modelnet/query_router.cpp,QueryBudget;RoutedQuery,src/test/modelnet_r4_route_tests.cpp;src/test/modelnet_resolve_bounds_tests.cpp,src/test/modelnet_resolve_bounds_tests.cpp,IMPLEMENTED_AND_PROVEN,continue-20260917-round3,
S-17.3-06,17.3,cancellation releases network tasks not just a UI flag,src/modelnet/query_router.cpp;src/modelnet/search.cpp,SearchJobState;QueryRouter,src/test/modelnet_search_tests.cpp,src/test/modelnet_search_tests.cpp,IMPLEMENTED_AND_PROVEN,continue-20260917-round3,
S-17.3-07,17.3,a response reports snapshot unique results provenance consulted/responded/timed-out bytes and coverage gaps,src/modelnet/search.cpp,SearchCoverage;SearchJob,src/test/modelnet_search_tests.cpp,src/test/modelnet_search_tests.cpp,IMPLEMENTED_AND_PROVEN,continue-20260917-round3,
S-17.3-08,17.3,LOCAL performs no network work asserted by transport counters,src/modelnet/search.cpp,SearchScope;SearchCoverage,src/test/modelnet_search_tests.cpp;src/test/modelnet_network02_tests.cpp,src/test/modelnet_search_tests.cpp,IMPLEMENTED_AND_PROVEN,continue-20260917-round3,counter-asserted not grep-asserted
S-17.3-09,17.3,a malicious all-match summary cannot force all peers to be queried,src/modelnet/query_router.cpp,QueryBudget,src/test/modelnet_r4_route_tests.cpp,src/test/modelnet_r4_route_tests.cpp,IMPLEMENTED_AND_PROVEN,continue-20260917-round3,cumulative task cap 32
S-17.4-01,17.4,structured routing coverage retained while local measured success orders comparable hops,src/modelnet/provider_route.cpp,RoutingTable;RouteContact;RoutingBucketIndex,src/test/modelnet_r4_route_tests.cpp,src/test/modelnet_r4_route_tests.cpp,IMPLEMENTED_AND_PROVEN,continue-20260917-round3,XOR bit-bucket regression proven
S-17.4-02,17.4,exploration and outbound connections reserved across netgroups,src/modelnet/provider_route.cpp,RoutingTable;LookupBudget,src/test/modelnet_r4_route_tests.cpp;src/test/modelnet_conn_tests.cpp,src/test/modelnet_r4_route_tests.cpp,IMPLEMENTED_AND_PROVEN,continue-20260917-round3,
S-17.4-03,17.4,bound identity churn and duplicate endpoints without assuming a netgroup is one person,src/modelnet/provider_route.cpp;src/modelnet/piece_picker.cpp,RoutingTable;NetgroupKey,src/test/modelnet_r4_route_tests.cpp,src/test/modelnet_r4_route_tests.cpp,IMPLEMENTED_AND_PROVEN,continue-20260917-round3,
S-17.4-04,17.4,expiring negative caches avoid retry storms; newer authenticated availability invalidates them,src/modelnet/router.cpp,NegativeResolveCache;RouterCache,src/test/modelnet_convergence_tests.cpp;src/test/modelnet_r4_route_tests.cpp,src/test/modelnet_convergence_tests.cpp,IMPLEMENTED_AND_PROVEN,continue-20260917-round3,
S-17.4-05,17.4,never gossip a global peer score or use routing scores in monetary validation,src/modelnet/provider_route.cpp;src/modelnet/router.cpp,StaleCacheIsNotAuthority;RoutingTouchesAddrMan,src/test/modelnet_r4_route_tests.cpp,src/test/modelnet_r4_route_tests.cpp,IMPLEMENTED_AND_PROVEN,continue-20260917-round3,
S-17.5-01,17.5,infrastructure promotion is local policy from reachability storage uptime and finite resources,src/modelnet/profile.cpp;src/modelnet/reachability.cpp,OperatorProfile;ResolveProfile;reachability,src/test/modelnet_infra_tests.cpp,src/test/modelnet_infra_tests.cpp,IMPLEMENTED_AND_PROVEN,continue-20260917-round3,
S-17.5-02,17.5,personal nodes use several independent routers not one permanent supernode,src/modelnet/router.cpp;src/modelnet/profile.cpp,PlanRouterQueries;ProfilePolicy,src/test/modelnet_r4_route_tests.cpp;src/test/modelnet_infra_tests.cpp,src/test/modelnet_r4_route_tests.cpp,IMPLEMENTED_AND_PROVEN,continue-20260917-round3,
S-17.5-03,17.5,FastTrack source is not part of the implementation; only its centralization lessons,src/modelnet/profile.cpp,OperatorProfile,src/test/modelnet_infra_tests.cpp,audit/independent-review-r1-r11.md,INCOMPATIBLE_BY_DESIGN,continue-20260917-round3,
S-17.5-04,17.5,LAN discovery is optional and interface-scoped,src/modelnet/lan_discovery.cpp,EndpointLooksLan;PreferLanPeer,src/test/modelnet_convergence_tests.cpp;src/test/modelnet_r4_route_tests.cpp,src/test/modelnet_convergence_tests.cpp,IMPLEMENTED_NOT_YET_PROVEN,continue-20260917-round3,classifier unit-proven; two-namespace LAN run NOT_RUN
S-17.5-05,17.5,announce only a model endpoint and identity hint then do normal PQ authentication,src/modelnet/lan_discovery.cpp;src/modelnet/transport_pq.cpp,EndpointLooksLan;transport_pq,src/test/modelnet_r4_route_tests.cpp,src/test/modelnet_r4_route_tests.cpp,IMPLEMENTED_AND_PROVEN,continue-20260917-round3,
S-17.5-06,17.5,never advertise wallet RPC over LAN discovery,src/modelnet/lan_discovery.cpp;src/modelnet/model_nat.cpp,LanDiscoveryRequiresPublicAddress;EndpointLooksLan,src/test/modelnet_r4_route_tests.cpp,src/test/modelnet_r4_route_tests.cpp,IMPLEMENTED_AND_PROVEN,continue-20260917-round3,
S-17.5-07,17.5,avoid bridging multicast discoveries across interfaces or the internet,src/modelnet/lan_discovery.cpp,EndpointLooksLan,src/test/modelnet_r4_route_tests.cpp,src/test/modelnet_r4_route_tests.cpp,IMPLEMENTED_NOT_YET_PROVEN,continue-20260917-round3,scoping rule encoded; no multi-interface host test
S-17.5-08,17.5,a no-internet LAN test opens a .btx and transfers verified bytes without a public bootstrap,contrib/modelnet/e2e-two-node-demand.sh;src/modelnet/lan_discovery.cpp,BootstrapIndependent,src/test/modelnet_r4_route_tests.cpp,audit/e2e/isolated-regtest-hosts.log,IMPLEMENTED_WITH_GAP,continue-20260917-round3,isolated-regtest hosts log exists; the no-internet LAN .btx journey itself NOT_RUN
S-17.5-09,17.5,delegated routing offers read-only signed responses from multiple selectable services,src/modelnet/provider_route.cpp;src/modelnet/router.cpp,VerifyProviderRecord;PlanRouterQueries,src/test/modelnet_r4_route_tests.cpp,src/test/modelnet_r4_route_tests.cpp,IMPLEMENTED_NOT_YET_PROVEN,continue-20260917-round3,signatures verified locally; two-router e2e NOT_RUN
S-17.5-10,17.5,native service transport preserves PQ1; an HTTP adapter is labelled compatibility,src/modelnet/http_bridge.cpp;doc/modelnet/web-bridge-boundary.md,http_bridge,src/test/modelnet_bridge_tests.cpp,doc/modelnet/web-bridge-boundary.md,IMPLEMENTED_AND_PROVEN,continue-20260917-round3,
S-17.5-11,17.5,a delegated router cannot authorize publication spend execution or replace the identity,src/modelnet/lan_discovery.cpp;src/modelnet/provider_route.cpp,DelegatedRoutingMutatesConsensus;StaleCacheIsNotAuthority,src/test/modelnet_r4_route_tests.cpp,src/test/modelnet_r4_route_tests.cpp,IMPLEMENTED_AND_PROVEN,continue-20260917-round3,DelegatedRoutingMutatesConsensus() asserted false
S-18.1-01,18.1,one verified-object store keyed by kind issuer object ID signed sequence and digest,src/modelnet/index_reconcile.cpp;src/modelnet/records.cpp,MakeCatalogDigest;SortedUniqueIds,src/test/modelnet_r5_gossip_tests.cpp,src/test/modelnet_r5_gossip_tests.cpp,IMPLEMENTED_AND_PROVEN,continue-20260917-round3,
S-18.1-02,18.1,same key/sequence with different valid digests is an equivocation retained as evidence,src/modelnet/index_reconcile.cpp;src/modelnet/records.cpp,CONFLICTING_RECORD;IndexReconciler,src/test/modelnet_r5_gossip_tests.cpp,src/test/modelnet_r5_gossip_tests.cpp,IMPLEMENTED_AND_PROVEN,continue-20260917-round3,conflict exposed not resolved by arrival time
S-18.1-03,18.1,no unsigned record or provider observation overwrites signed publisher terms,src/modelnet/index_reconcile.cpp;src/modelnet/provider_route.cpp,ReconcileDigestAuthorizesInsert;VerifyProviderRecord,src/test/modelnet_r5_gossip_tests.cpp,src/test/modelnet_r5_gossip_tests.cpp,IMPLEMENTED_AND_PROVEN,continue-20260917-round3,
S-18.2-01,18.2,a bounded mesh relays announcement IDs and requests missing verified objects,src/modelnet/metadata_gossip.cpp,GossipMessage;GossipDigest;MakeWantGossip,src/test/modelnet_r5_gossip_tests.cpp;src/test/modelnet_network02_tests.cpp,src/test/modelnet_r5_gossip_tests.cpp,IMPLEMENTED_AND_PROVEN,continue-20260917-round3,
S-18.2-02,18.2,small full-message neighbors plus broader ID-only gossip,src/modelnet/metadata_gossip.cpp,GossipMessageAllowed,src/test/modelnet_r5_gossip_tests.cpp,src/test/modelnet_r5_gossip_tests.cpp,IMPLEMENTED_AND_PROVEN,continue-20260917-round3,
S-18.2-03,18.2,reserve outbound diversity limit IHAVE/IWANT lists and retries,src/modelnet/metadata_gossip.cpp;src/modelnet/index_reconcile.cpp,GossipMessageAllowed;BoundedWantList,src/test/modelnet_r5_gossip_tests.cpp,src/test/modelnet_r5_gossip_tests.cpp,IMPLEMENTED_AND_PROVEN,continue-20260917-round3,256 announcement IDs per message
S-18.2-04,18.2,meter signature verification separately from payload bytes,src/modelnet/metadata_gossip.cpp,GossipMessageAllowed,src/test/modelnet_r5_gossip_tests.cpp,src/test/modelnet_r5_gossip_tests.cpp,IMPLEMENTED_AND_PROVEN,continue-20260917-round3,
S-18.2-05,18.2,Gossipsub constants are research inputs not BTX defaults,src/modelnet/metadata_gossip.cpp,GossipMessage,src/test/modelnet_r5_gossip_tests.cpp,src/test/modelnet_r5_gossip_tests.cpp,IMPLEMENTED_AND_PROVEN,continue-20260917-round3,
S-18.2-06,18.2,PQ signatures and larger records use measured resource limits,src/modelnet/metadata_gossip.cpp,GossipMessageAllowed,src/test/modelnet_r5_gossip_tests.cpp,audit/performance-0.34.8.md,IMPLEMENTED_WITH_GAP,continue-20260917-round3,caps enforced; the limits are proposed not measured under load
S-18.2-07,18.2,no model payload or wallet secret travels on the metadata mesh,src/modelnet/metadata_gossip.cpp,GossipMessageAllowed,src/test/modelnet_r5_gossip_tests.cpp;src/test/modelnet_sentinel_secret_tests.cpp,src/test/modelnet_sentinel_secret_tests.cpp,IMPLEMENTED_AND_PROVEN,continue-20260917-round3,
S-18.2-08,18.2,avoid millions of per-model topics; modest categories with local filtering,src/modelnet/metadata_gossip.cpp;src/modelnet/model_watch.cpp,GossipDigest;WatchKind,src/test/modelnet_r5_gossip_tests.cpp,src/test/modelnet_r5_gossip_tests.cpp,IMPLEMENTED_AND_PROVEN,continue-20260917-round3,
S-18.2-09,18.2,requesting an object does not grant permission to execute or fund it,src/modelnet/metadata_gossip.cpp;src/modelnet/helper.cpp,automatic_spend_atoms,src/test/modelnet_convergence_tests.cpp,src/test/modelnet_convergence_tests.cpp,IMPLEMENTED_AND_PROVEN,continue-20260917-round3,
S-18.2-10,18.2,live gossip proven across a 20-peer mesh,src/modelnet/metadata_gossip.cpp,GossipMessage,n/a,audit/cr11-not-run.md,MISSING,continue-20260917-round3,20-peer mesh NOT_RUN; only bounded single-message tests exist
S-18.3-01,18.3,after reconnect reconcile signed state rather than replay every missed notification,src/modelnet/index_reconcile.cpp,IndexReconciler;ReconcileResult,src/test/modelnet_r5_gossip_tests.cpp;src/test/modelnet_watch_tests.cpp,src/test/modelnet_watch_tests.cpp,IMPLEMENTED_NOT_YET_PROVEN,continue-20260917-round3,journal restart unit only; multi-node reconnect NOT_RUN
S-18.3-02,18.3,compare sorted-range summaries and recurse within byte/CPU/depth budget,src/modelnet/index_reconcile.cpp,ReconcileRange;DigestIdRange;CompareSets,src/test/modelnet_convergence_tests.cpp;src/test/modelnet_r5_gossip_tests.cpp,src/test/modelnet_convergence_tests.cpp,IMPLEMENTED_AND_PROVEN,continue-20260917-round3,depth cap 32
S-18.3-03,18.3,use authenticated canonical hashes and verify every differing record,src/modelnet/index_reconcile.cpp,ReconcileDigestAuthorizesInsert;MissingRemoteIds,src/test/modelnet_r5_gossip_tests.cpp,src/test/modelnet_r5_gossip_tests.cpp,IMPLEMENTED_AND_PROVEN,continue-20260917-round3,fingerprints identify differences not authority
S-18.3-04,18.3,include counts and range boundaries to resist cancellation and partition ambiguity,src/modelnet/index_reconcile.cpp,ReconcileRange,src/test/modelnet_r5_gossip_tests.cpp,src/test/modelnet_r5_gossip_tests.cpp,IMPLEMENTED_AND_PROVEN,continue-20260917-round3,
S-18.3-05,18.3,prefer a reviewed Merkle range construction over XOR aggregate fingerprints,src/modelnet/index_reconcile.cpp,MakeCatalogDigest;DigestIdRange,src/test/modelnet_r5_gossip_tests.cpp,src/test/modelnet_r5_gossip_tests.cpp,IMPLEMENTED_AND_PROVEN,continue-20260917-round3,
S-18.3-06,18.3,snapshots/cursors bind schema version namespace generation and range,src/modelnet/index_reconcile.cpp,ReconcileRange;IndexScope,src/test/modelnet_r5_gossip_tests.cpp,src/test/modelnet_r5_gossip_tests.cpp,IMPLEMENTED_AND_PROVEN,continue-20260917-round3,
S-18.3-07,18.3,received differences applied transactionally,src/modelnet/index_reconcile.cpp;src/modelnet/store.cpp,IndexReconciler,src/test/modelnet_r5_gossip_tests.cpp,src/test/modelnet_r5_gossip_tests.cpp,IMPLEMENTED_AND_PROVEN,continue-20260917-round3,
S-18.3-08,18.3,tombstones and supersession watermarks survive compaction long enough to prevent resurrection,src/modelnet/index_reconcile.cpp;src/modelnet/event_journal.cpp,IndexReconciler;ModelEventJournal,src/test/modelnet_r5_gossip_tests.cpp,src/test/modelnet_r5_gossip_tests.cpp,IMPLEMENTED_NOT_YET_PROVEN,continue-20260917-round3,floors implemented; no compaction-then-resurrection attempt test
S-18.3-09,18.3,a node too far behind reconciles from an authenticated snapshot with version floors,src/modelnet/index_reconcile.cpp,ReconcileStatus;IndexReconciler,src/test/modelnet_r5_gossip_tests.cpp,src/test/modelnet_r5_gossip_tests.cpp,IMPLEMENTED_AND_PROVEN,continue-20260917-round3,
S-18.3-10,18.3,event replay dedup prevents repeated action on new object insertion,src/modelnet/event_journal.cpp,MakeDedupeKey,src/test/modelnet_watch_tests.cpp,src/test/modelnet_watch_tests.cpp,IMPLEMENTED_AND_PROVEN,continue-20260917-round3,
S-18.3-11,18.3,anti-entropy measured at 100k 1M and 10M signed records,src/modelnet/index_reconcile.cpp,CompareSets,src/test/modelnet_scale_sparse_tests.cpp;src/test/modelnet_cr11_scale_tests.cpp,src/test/modelnet_convergence_tests.cpp,IMPLEMENTED_WITH_GAP,continue-20260917-round3,1k set proven; 100k/1M/10M NOT_RUN (disk and the one-compile-tree rule)
S-18.4-01,18.4,a one-hop relay may separate requester address from the indexer's plaintext query,n/a,n/a,src/test/modelnet_unique_todo_tests.cpp,/home/administrator/Documents/btxchain/.0348-network02-evaluated-transport.local.md,DEFERRED_WITH_EVIDENCE,continue-20260917-round3,one-hop search privacy NONSHIPPING with recorded operator disposition
S-18.4-02,18.4,it must not claim to hide the query from the indexer resist collusion or provide PIR,doc/modelnet/research-identities.md,n/a,n/a,doc/modelnet/research-identities.md,IMPLEMENTED_AND_PROVEN,continue-20260917-round3,no anonymity marketing claim present in docs
S-18.4-03,18.4,abuse/traffic-correlation evaluation with an operator-approved nonshipping result,n/a,n/a,src/test/modelnet_unique_todo_tests.cpp,/home/administrator/Documents/btxchain/.0348-network02-evaluated-transport.local.md,DEFERRED_WITH_EVIDENCE,continue-20260917-round3,
S-19-01,19,PERSONAL profile enables bounded demand seeding known-peer follow and friendly defaults,src/modelnet/profile.cpp,OperatorProfile;ResolveProfile;ProfilePolicy,src/test/modelnet_infra_tests.cpp,src/test/modelnet_infra_tests.cpp,IMPLEMENTED_AND_PROVEN,continue-20260917-round3,
S-19-02,19,INFRASTRUCTURE composes relay directory and host-auto with separate budgets,src/modelnet/profile.cpp;src/modelnet/auto_storage.cpp,OperatorProfile;HostMode,src/test/modelnet_infra_tests.cpp;src/test/modelnet_hosting_tests.cpp,src/test/modelnet_infra_tests.cpp,IMPLEMENTED_AND_PROVEN,continue-20260917-round3,
S-19-03,19,MIRROR adds selected retention and optional cloud backing; CUSTOM preserves explicit settings,src/modelnet/profile.cpp;src/modelnet/model_watch.cpp,OperatorProfile;ProfileOverrides;ApplyProfileOverrides,src/test/modelnet_infra_tests.cpp,src/test/modelnet_infra_tests.cpp,IMPLEMENTED_AND_PROVEN,continue-20260917-round3,
S-19-04,19,profiles are configuration presets not authorities or new consensus roles,src/modelnet/profile.cpp,ProfilePolicy,src/test/modelnet_infra_tests.cpp,src/test/modelnet_infra_tests.cpp,IMPLEMENTED_AND_PROVEN,continue-20260917-round3,
S-19-05,19,host-auto advertises provider capability only when helper residency and reachability are healthy,src/modelnet/auto_storage.cpp;src/modelnet/reachability.cpp,HostMode;HostModeWantsHosting;reachability,src/test/modelnet_hosting_tests.cpp,src/test/modelnet_hosting_tests.cpp,IMPLEMENTED_AND_PROVEN,continue-20260917-round3,
S-19-06,19,a relay-reachable provider is labelled as such; direct reachability is not invented,src/modelnet/reachability.cpp;src/modelnet/relay_reserve.cpp,reachability;relay_reserve,src/test/modelnet_conn_tests.cpp,src/test/modelnet_conn_tests.cpp,IMPLEMENTED_AND_PROVEN,continue-20260917-round3,
S-19-07,19,an indexer may stay metadata-only and a relay stays opaque on a provider host,src/modelnet/relay_reserve.cpp;src/modelnet/profile.cpp,relay_reserve;ProfilePolicy,src/test/modelnet_infra_tests.cpp,src/test/modelnet_infra_tests.cpp,IMPLEMENTED_AND_PROVEN,continue-20260917-round3,
S-19-08,19,upgrade must not overwrite a prior explicit storage=0 or seed=off choice,src/modelnet/profile.cpp;src/modelnet/firstrun.cpp,ProfileOverrides;OverridesFromPolicy;FirstRunConsent,src/test/modelnet_firstrun_tests.cpp;src/test/modelnet_infra_tests.cpp,src/test/modelnet_firstrun_tests.cpp,IMPLEMENTED_AND_PROVEN,continue-20260917-round3,
S-19-09,19,first-run doctor checks helper storage reserve workers credentials limits and connectivity,src/modelnet/firstrun.cpp;src/modelnet/helper_network02.cpp,getsetupstatus;FirstRunConsent,src/test/modelnet_first_run_tests.cpp;src/test/modelnet_firstrun_tests.cpp,src/test/modelnet_firstrun_tests.cpp,IMPLEMENTED_AND_PROVEN,continue-20260917-round3,
S-19-10,19,the doctor produces actionable states instead of quietly enabling unlimited resources,src/modelnet/firstrun.cpp,ParseStorageBudget;EnvHasPositiveStorageBudget,src/test/modelnet_firstrun_tests.cpp,src/test/modelnet_firstrun_tests.cpp,IMPLEMENTED_AND_PROVEN,continue-20260917-round3,
S-19-11,19,human screens expose Storage Cloud Serving Discovery Following and Activity,src/qt/modelnetpage.cpp,modelnetpage,n/a,src/qt/modelnetpage.cpp,IMPLEMENTED_NOT_YET_PROVEN,continue-20260917-round3,page exists in source; BUILD_GUI=OFF so GUI NOT_RUN
S-19-12,19,ordinary users see model/publisher/size/compatibility/availability and four actions,src/qt/modelnetpage.cpp;contrib/modelnet/btx-model,modelnetpage,n/a,src/qt/modelnetpage.cpp,IMPLEMENTED_NOT_YET_PROVEN,continue-20260917-round3,GUI NOT_RUN; CLI equivalents partially named
S-20.1-01,20.1,metainfo magnet trackers cards observations metadata headers manifests and provider records treated as untrusted,src/modelnet/source_torrent.cpp;src/modelnet/package_core.cpp;src/modelnet/erasure_manifest.cpp;src/modelnet/provider_route.cpp,TorrentFileNameAllowed;ValidatePackagePayload;ParseErasureManifest;ProviderRecordFromJson,src/test/modelnet_r10_security_tests.cpp,src/test/modelnet_r10_security_tests.cpp,IMPLEMENTED_AND_PROVEN,continue-20260917-round3,
S-20.1-02,20.1,bound bytes before parse nested collections before allocation and decompressed sizes before decompression,src/modelnet/package_core.cpp;src/modelnet/package_pjson.cpp,DecodeBtxPackage;DecodePjson1,src/test/modelnet_r10_security_tests.cpp;src/test/modelnet_r7_package_tests.cpp,src/test/modelnet_r10_security_tests.cpp,IMPLEMENTED_AND_PROVEN,continue-20260917-round3,
S-20.1-03,20.1,reject path escapes and device files; never interpolate fields into shell commands,src/modelnet/store.cpp;src/modelnet/event_journal.cpp,IsPortableRelPath;EventTextMayBecomeCommand,src/test/modelnet_r10_security_tests.cpp,src/test/modelnet_r10_security_tests.cpp,IMPLEMENTED_AND_PROVEN,continue-20260917-round3,
S-20.1-04,20.1,no source import runs arbitrary model code,src/modelnet/qualification.cpp;src/modelnet/package_execute.cpp,qualification;package_execute,src/test/modelnet_r10_security_tests.cpp,src/test/modelnet_r10_security_tests.cpp,IMPLEMENTED_AND_PROVEN,continue-20260917-round3,
S-20.1-05,20.1,SSRF controls on every external URL including trackers web seeds and HF redirects,src/modelnet/source_policy.cpp;src/modelnet/direct_seed.cpp,SourceLocatorAllowed;DirectSeedUrlAllowed;SourceFollowsRedirects,src/test/modelnet_r10_security_tests.cpp,src/test/modelnet_r10_security_tests.cpp,IMPLEMENTED_AND_PROVEN,continue-20260917-round3,
S-20.1-06,20.1,resolve and validate addresses at connection time and recheck across redirects/DNS changes,src/modelnet/source_policy.cpp;src/modelnet/direct_seed.cpp,SourceFollowsRedirects;DirectSeedUrlAllowed,src/test/modelnet_r10_security_tests.cpp,src/test/modelnet_r10_security_tests.cpp,IMPLEMENTED_AND_PROVEN,continue-20260917-round3,at most 5 redirects revalidated
S-20.1-07,20.1,reject forbidden schemes and cloud metadata/link-local endpoints,src/modelnet/direct_seed.cpp,LooksLikeMetadataServiceHost;DirectSeedUrlAllowed,src/test/modelnet_r10_security_tests.cpp,src/test/modelnet_r10_security_tests.cpp,IMPLEMENTED_AND_PROVEN,continue-20260917-round3,169.254.169.254 class rejected
S-20.1-08,20.1,operator-scoped exceptions for configured private test/S3 endpoints rather than a blanket private-address ban,src/modelnet/direct_seed.cpp;src/modelnet/s3_store.cpp,DirectSeedPolicy;CloudStoreConfig,src/test/modelnet_r10_security_tests.cpp;src/test/modelnet_cloud_tests.cpp,audit/e2e/minio-layouts.log,IMPLEMENTED_AND_PROVEN,continue-20260917-round3,the operator-scoped private-endpoint allowance was exercised against MinIO on 127.0.0.1 rather than blanket-banned
S-20.2-01,20.2,all jobs consume shared byte/request/task credits,src/modelnet/transfer_session.cpp,CreditBroker;GlobalTransferCredits,src/test/modelnet_network02_tests.cpp,src/test/modelnet_network02_tests.cpp,IMPLEMENTED_AND_PROVEN,continue-20260917-round3,
S-20.2-02,20.2,limit partial pieces cloud reads multipart parts subscribers signature checks negative entries and recursion,src/modelnet/subpiece.cpp;src/modelnet/s3_store.cpp;src/modelnet/metadata_gossip.cpp;src/modelnet/index_reconcile.cpp,SubpieceAssembly;OperationBudget;GossipMessageAllowed;ReconcileRange,src/test/modelnet_r10_security_tests.cpp;src/test/modelnet_network02_audit_tests.cpp,src/test/modelnet_r10_security_tests.cpp,IMPLEMENTED_AND_PROVEN,continue-20260917-round3,all seven caps asserted
S-20.2-03,20.2,rare-piece repair and operator mirrors are not exceptions to hard caps,src/modelnet/piece_picker.cpp;src/modelnet/erasure_store.cpp,PickRarestFirst;CreditBroker,src/test/modelnet_network02_tests.cpp,src/test/modelnet_network02_tests.cpp,IMPLEMENTED_AND_PROVEN,continue-20260917-round3,
S-20.2-04,20.2,cancel and shutdown release reservations and join workers under bounded time,src/modelnet/transfer_session.cpp,ThreadJoin;TransferSession::Cancel,src/test/modelnet_convergence_tests.cpp,src/test/modelnet_convergence_tests.cpp,IMPLEMENTED_AND_PROVEN,continue-20260917-round3,
S-20.2-05,20.2,unknown remote completion remains accounted exposure,src/modelnet/multipart_journal.cpp,REMOTE_OUTCOME_UNKNOWN,src/test/modelnet_n02_journey2_iso_tests.cpp,src/test/modelnet_n02_journey2_iso_tests.cpp,IMPLEMENTED_AND_PROVEN,continue-20260917-round3,
S-20.2-06,20.2,hostile input and DoS resistance proven under 10k fake peers and slowloris,src/modelnet/package_export.cpp;src/modelnet/source_torrent.cpp,PublicExportObjectAllowed;MapTorrentRangeSafe,src/test/modelnet_r10_security_tests.cpp,audit/cr11-not-run.md,IMPLEMENTED_WITH_GAP,continue-20260917-round3,parser bounds and fuzz fixtures exist; 10k fake peers / slowloris NOT_RUN
S-20.3-01,20.3,do not publish bucket names private URLs tokens local paths passkeys or query history,src/modelnet/package_export.cpp,PublicExportKeyForbidden;PublicExportObjectAllowed;UriQueryHasDn,src/test/modelnet_sentinel_secret_tests.cpp;src/test/modelnet_r10_security_tests.cpp,src/test/modelnet_sentinel_secret_tests.cpp,IMPLEMENTED_AND_PROVEN,continue-20260917-round3,
S-20.3-02,20.3,exported .btx descriptors contain reviewed public provenance and hints only,src/modelnet/package_export.cpp,EncodePublicBtxBundle;DecodePublicBtxBundle,src/test/modelnet_convergence_tests.cpp;src/test/modelnet_r7_package_tests.cpp,audit/btx-package-vectors/,IMPLEMENTED_AND_PROVEN,continue-20260917-round3,
S-20.3-03,20.3,the bridge discloses that torrent swarm IP may correlate with a BTX provider,doc/modelnet/web-bridge-boundary.md;src/modelnet/source_torrent.cpp,ReverseTorrentStatusJson,src/test/modelnet_r3_import_tests.cpp,doc/modelnet/web-bridge-boundary.md,IMPLEMENTED_AND_PROVEN,continue-20260917-round3,no unlinkability promise
S-20.3-04,20.3,no mandatory telemetry service added,src/modelnet/,n/a,n/a,audit/hcp-authority-matrix.md,INCOMPATIBLE_BY_DESIGN,continue-20260917-round3,
S-20.4-01,20.4,SPDX/license records and exact dependency versions maintained for distributed components,contrib/modelnet/dependency-lock.md,n/a,n/a,contrib/modelnet/dependency-lock.md,IMPLEMENTED_AND_PROVEN,continue-20260917-round3,
S-20.4-02,20.4,study-only code is not copied into production,contrib/modelnet/dependency-lock.md,n/a,n/a,contrib/modelnet/dependency-lock.md,IMPLEMENTED_AND_PROVEN,continue-20260917-round3,
S-20.4-03,20.4,pin libtorrent and SDK/Xet interfaces and verify release/source hashes,contrib/modelnet/dependency-lock.md;doc/modelnet/libtorrent-parts-bin-audit.md,n/a,n/a,contrib/modelnet/dependency-lock.md,IMPLEMENTED_WITH_GAP,continue-20260917-round3,pins recorded; neither dependency is actually linked or hash-verified in a build this round
S-20.4-04,20.4,run dependency security checks,contrib/modelnet/dependency-lock.md,n/a,n/a,contrib/modelnet/dependency-lock.md,IMPLEMENTED_NOT_YET_PROVEN,continue-20260917-round3,no dependency scanner executed this round
S-20.4-05,20.4,avoid fetching arbitrary code at runtime on an agent's instruction,src/modelnet/package_execute.cpp;src/modelnet/event_journal.cpp,package_execute;EventTextMayBecomeCommand,src/test/modelnet_r10_security_tests.cpp,src/test/modelnet_r10_security_tests.cpp,IMPLEMENTED_AND_PROVEN,continue-20260917-round3,
S-20.4-06,20.4,the clone manifest separates inspected source from specification-only references and resolves pins,contrib/modelnet/dependency-lock.md,n/a,n/a,BTX_0348_Expanded_Package/research/SOURCE_REGISTER.json,IMPLEMENTED_AND_PROVEN,continue-20260917-round3,blob vs commit provenance recorded honestly
S-21-01,21,existing methods extended compatibly and private collisions reconciled not duplicated,src/modelnet/helper.cpp;src/modelnet/helper_network02.cpp,ResolveHelperMethodAlias;DispatchHelperRpc,src/test/modelnet_network02_audit_tests.cpp,src/test/modelnet_network02_audit_tests.cpp,IMPLEMENTED_AND_PROVEN,continue-20260917-round3,alias_of stamped on each aliased method
S-21-02,21,all responses include schema_version and stable error codes,src/modelnet/helper_network02.cpp,schema_version;DispatchHelperRpc,src/test/modelnet_network02_audit_tests.cpp,src/test/modelnet_network02_audit_tests.cpp,IMPLEMENTED_AND_PROVEN,continue-20260917-round3,
S-21-03,21,large integers use canonical decimal strings; binary never travels as giant JSON hex,src/modelnet/package_pjson.cpp;src/modelnet/helper_network02.cpp,EncodePjson1,src/test/modelnet_r7_package_tests.cpp,src/test/modelnet_r7_package_tests.cpp,IMPLEMENTED_AND_PROVEN,continue-20260917-round3,
S-21-04,21,mutations are local authenticated operations with explicit authority,src/modelnet/helper_network02.cpp;src/modelnet/access_policy.cpp,authorization_ref;access_policy,src/test/modelnet_network02_audit_tests.cpp,src/test/modelnet_network02_audit_tests.cpp,IMPLEMENTED_AND_PROVEN,continue-20260917-round3,
S-21-05,21,public explorers are read-only allowlists and no query-string GET invokes import/writes/exec/wallet,src/modelnet/http_bridge.cpp,http_bridge,src/test/modelnet_bridge_tests.cpp;src/test/modelnet_r10_security_tests.cpp,src/test/modelnet_r10_security_tests.cpp,IMPLEMENTED_AND_PROVEN,continue-20260917-round3,
S-21-06,21,every write has idempotency_key expected generation and authorization_ref where consequential,src/modelnet/helper_network02.cpp,idempotency_key;expected_generation;authorization_ref,src/test/modelnet_network02_audit_tests.cpp,src/test/modelnet_network02_audit_tests.cpp,IMPLEMENTED_AND_PROVEN,continue-20260917-round3,
S-21-07,21,job APIs are asynchronous cancellable and restartable; a retry returns the same logical job,src/modelnet/import_coordinator.cpp;src/modelnet/helper_network02.cpp,ImportCoordinator;idempotency_key,src/test/modelnet_r3_import_tests.cpp,src/test/modelnet_r3_import_tests.cpp,IMPLEMENTED_AND_PROVEN,continue-20260917-round3,no second import or funding action
S-21-08,21,prepare inspect authorize sign and submit remain separate economic authorities,src/modelnet/subscription_mandate.cpp;src/modelnet/funding.cpp,PrepareFundingPlan;funding,src/test/modelnet_submandate_tests.cpp,audit/r8-wallet.md,IMPLEMENTED_WITH_GAP,continue-20260917-round3,prepare/inspect/authorize proven; sign is F2 HONEST_NOT_RUN
S-21-09,21,the sixteen-code error taxonomy implemented,src/modelnet/helper_network02.cpp,INVALID_ARGUMENT;UNSUPPORTED_CAPABILITY;ID_MISMATCH;SOURCE_CHANGED;QUOTA_EXCEEDED;CURSOR_TOO_OLD;HELPER_DOWN,src/test/modelnet_network02_audit_tests.cpp,src/test/modelnet_network02_audit_tests.cpp,IMPLEMENTED_AND_PROVEN,continue-20260917-round3,
S-21-10,21,unknown cloud errors preserve a redacted diagnostic code without exposing credentials,src/modelnet/s3_client.cpp;src/modelnet/direct_seed.cpp,RedactPresignedUrl,src/test/modelnet_r10_security_tests.cpp,src/test/modelnet_r10_security_tests.cpp,IMPLEMENTED_AND_PROVEN,continue-20260917-round3,
S-22.1-01,22.1,package reference tests validate design arithmetic and containers only,BTX_0348_Expanded_Package/tests/,n/a,n/a,BTX_0348_Expanded_Package/tests/ACCEPTANCE_TESTS.md,IMPLEMENTED_AND_PROVEN,continue-20260917-round3,explicitly not BTX code / cloud / PQ / performance validation
S-22.1-02,22.1,unit process sanitizer wallet emulator canary LAN WAN and simulation tiers recorded independently,audit/acceptance-matrix-0.34.8.csv;audit/hcp-evidence.md,n/a,n/a,audit/acceptance-matrix-0.34.8.csv,IMPLEMENTED_WITH_GAP,continue-20260917-round3,unit/process/wallet/simulation recorded; sanitizer canary LAN and WAN tiers are all empty (NOT_RUN)
S-22.1-03,22.1,use a local compatible S3 service for CI but do not infer provider compatibility from an emulator,src/test/modelnet_cloud_tests.cpp,FakeS3,src/test/modelnet_cloud_tests.cpp,audit/e2e/minio-layouts.log,IMPLEMENTED_WITH_GAP,continue-20260917-round3,real MinIO in Docker on loopback PASSED with an independent sha384 GET; the log still refuses to infer AWS/R2 compatibility from it
S-22.1-04,22.1,every case specifies setup action expected result failure injection and evidence,audit/acceptance-matrix-0.34.8.csv;audit/cr11-native-acceptance.csv,n/a,n/a,audit/acceptance-matrix-0.34.8.csv,IMPLEMENTED_AND_PROVEN,continue-20260917-round3,
S-22.1-05,22.1,each mandatory feature has both positive execution and a negative/adversarial case,src/test/modelnet_v11_negative_tests.cpp;src/test/modelnet_r10_security_tests.cpp,n/a,src/test/modelnet_v11_negative_tests.cpp,src/test/modelnet_v11_negative_tests.cpp,IMPLEMENTED_WITH_GAP,continue-20260917-round3,negative cases exist for parsers and admission; not for every mandatory feature
S-22.1-06,22.1,zero resource use in LOCAL mode asserted by transport counters not a source grep,src/modelnet/search.cpp,SearchScope;SearchCoverage,src/test/modelnet_search_tests.cpp,src/test/modelnet_search_tests.cpp,IMPLEMENTED_AND_PROVEN,continue-20260917-round3,
S-22.1-07,22.1,no network/crypto/GUI acceptance satisfied by finding an RPC name,audit/acceptance-matrix-notes.md,n/a,src/test/modelnet_unique_todo_tests.cpp,audit/skipped-and-partial-2026-09-17.md,IMPLEMENTED_AND_PROVEN,continue-20260917-round3,GUI and WAN are reported NOT_RUN rather than name-matched
S-22.2-J1,22.2,Journey 1 local multi-file import -> signed record -> .btx -> fresh node retrieves without a manual peer URI,src/modelnet/source_local.cpp;src/modelnet/package_export.cpp,LocalFileByteSource;EncodePublicBtxBundle,src/test/modelnet_network02_import_tests.cpp;contrib/modelnet/e2e-fresh-buyer.sh,audit/e2e/swam-live.log,IMPLEMENTED_WITH_GAP,continue-20260917-round3,all steps exist; the end-to-end run used the 45-byte fixture and retrieved from one seeder
S-22.2-J2,22.2,Journey 2 HF revision -> Xet/HTTP -> S3 multipart -> restart mid-upload -> publish after commit -> PQ1 serve,src/modelnet/source_huggingface.cpp;src/modelnet/multipart_journal.cpp,HuggingFaceByteSource;MultipartJournal,src/test/modelnet_n02_journey2_iso_tests.cpp,src/test/modelnet_n02_journey2_iso_tests.cpp,IMPLEMENTED_WITH_GAP,continue-20260917-round3,isolated journey passes against a local fixture plus FakeS3; live HF is NOT_RUN and the real-MinIO evidence comes from e2e-minio-layouts not from this journey
S-22.2-J3,22.2,Journey 3 v1/v2/hybrid torrent -> cloud storage -> remove worker -> prove native retrieval,src/modelnet/source_torrent.cpp,TorrentByteSource;MapTorrentRangeSafe,src/test/modelnet_r3_import_tests.cpp,src/test/modelnet_r3_import_tests.cpp,IMPLEMENTED_WITH_GAP,continue-20260917-round3,offset mapping and bounded spool proven in-process; btx-torrentd never ran so the removal step is NOT_RUN
S-22.2-J4,22.2,Journey 4 default proxy + optional direct delivery with consent reusable-token exposure and fallback,src/modelnet/origin_broker.cpp;src/modelnet/direct_seed.cpp,OriginBroker;DirectSeedAllowIssue;PresignedGetIsMeter,src/test/modelnet_network02_ef_tests.cpp;src/test/modelnet_r10_security_tests.cpp,src/test/modelnet_network02_ef_tests.cpp,IMPLEMENTED_WITH_GAP,continue-20260917-round3,consent expiry and bearer-reuse disclosure proven on FakeS3 presign; no live presigned URL fetched
S-22.2-J5,22.2,Journey 5 origin-aware superseeding -> remove origin -> retrieve from fresh peers,src/modelnet/bootstrap_distributor.cpp,BootstrapDistributor;BootstrapIndependent,src/test/modelnet_convergence_tests.cpp;contrib/modelnet/e2e-fresh-buyer.sh,audit/e2e/swam-live.log,IMPLEMENTED_WITH_GAP,continue-20260917-round3,distinct leases in-process; not a large model and not 20 real buyers
S-22.2-J6,22.2,Journey 6 lose canonical pieces keep per-stripe shards and reconstruct + verify,src/modelnet/erasure_store.cpp,RepairCanonicalFromShards;StripeReconstructable,src/test/modelnet_r6_erasure_tests.cpp;src/test/modelnet_erasure_io_tests.cpp,src/test/modelnet_erasure_io_tests.cpp,IMPLEMENTED_AND_PROVEN,continue-20260917-round3,reconstruct + canonical recheck proven natively; not huge-model scale
S-22.2-J7,22.2,Journey 7 follow a publisher through offline/reconnect gossip and reconciliation without double downloads,src/modelnet/model_watch.cpp;src/modelnet/index_reconcile.cpp,ModelWatchStore;IndexReconciler;MakeDedupeKey,src/test/modelnet_watch_tests.cpp,src/test/modelnet_watch_tests.cpp,IMPLEMENTED_NOT_YET_PROVEN,continue-20260917-round3,journal restart dedup unit only; multi-node reconnect NOT_RUN
S-22.2-J8,22.2,Journey 8 prepare funding spend zero then exercise subscription duplicate/reorg/revocation,src/modelnet/subscription_mandate.cpp,PrepareFundingPlan;SubscriptionBudget;Reservation,src/test/modelnet_submandate_tests.cpp,audit/r8-wallet.md,IMPLEMENTED_WITH_GAP,r-disposition-round2-20260917,spend-zero duplicate reorg and revocation proven in-process; the wallet signing leg (F2) is NOT_RUN and F-R8-06/F-R8-08 note the reorg and revocation legs are unit-only with no production caller and no persistence; unbuilt modelnet_r8_mandate_tests.cpp dropped from evidence
S-22.2-J9,22.2,Journey 9 open model/release/bounty/variant packages offline and refresh stale facts before action,src/modelnet/package_core.cpp;src/modelnet/package_economy.cpp,DecodeBtxPackage;PrepareFundingPlan,src/test/modelnet_r7_package_tests.cpp;src/test/modelnet_ahp_eco_tests.cpp,audit/btx-package-vectors/invalid/stale-percent-funded.json,IMPLEMENTED_WITH_GAP,continue-20260917-round3,offline open and stale rejection proven; live chain refresh NOT_RUN
S-22.2-J10,22.2,Journey 10 mixed 0.34.7/0.34.8 native transfers and WITH_MODELNET=OFF builds,src/modelnet/hello_caps.cpp;contrib/modelnet/check-with-modelnet-off.sh,HelloHasCapability;WITH_MODELNET,src/test/modelnet_unique_todo_tests.cpp,audit/cr11-not-run.md,MISSING,continue-20260917-round3,no mixed-version lab and no second OFF tree this round; both NOT_RUN at acceptance
S-22.3-01,22.3,real processes at modest topology sizes and deterministic simulation at larger ones,contrib/modelnet/e2e-swarm-live.sh;src/test/modelnet_scale_sparse_tests.cpp,n/a,src/test/modelnet_scale_sparse_tests.cpp,audit/e2e/swam-live.log,IMPLEMENTED_WITH_GAP,continue-20260917-round3,4 loopback helpers is the largest real topology; simulation covers the rest
S-22.3-02,22.3,measure 100k and 1M signed metadata records; record NOT_RUN for 10M,src/modelnet/index_reconcile.cpp,CompareSets,src/test/modelnet_cr11_scale_tests.cpp;src/test/modelnet_scale_sparse_tests.cpp,audit/performance-0.34.8.md,IMPLEMENTED_WITH_GAP,continue-20260917-round3,1k proven; 100k/1M/10M all NOT_RUN and recorded as such
S-22.3-03,22.3,run 10/100/1000 peers in simulation plus a real multi-host subset,src/modelnet/upload_scheduler_drr.cpp,UploadSchedulerDrr,src/test/modelnet_upload_scale_tests.cpp,audit/e2e/isolated-regtest-hosts.log,IMPLEMENTED_WITH_GAP,continue-20260917-round3,10k queued in simulation; real multi-host subset limited to isolated regtest hosts
S-22.3-04,22.3,never label simulated states as real internet peers,audit/acceptance-matrix-notes.md;audit/performance-0.34.8.md,n/a,n/a,audit/acceptance-matrix-notes.md,IMPLEMENTED_AND_PROVEN,continue-20260917-round3,
S-22.3-05,22.3,a 400 GiB logical mapping test proves arithmetic not sustained I/O,src/modelnet/object_layout.cpp,CanonicalPieceCount;MultipartPartCount,src/test/modelnet_r2_storage_tests.cpp;src/test/modelnet_scale_sparse_tests.cpp,audit/performance-0.34.8.md,IMPLEMENTED_AND_PROVEN,continue-20260917-round3,stated as arithmetic; 400 GiB sparse I/O reported NOT_RUN
S-22.3-06,22.3,separately run meaningful payload transfers with bounded RAM resume and checksum evidence,contrib/modelnet/e2e-swarm-live.sh,n/a,n/a,audit/performance-0.34.8.md,MISSING,continue-20260917-round3,largest live payload is 45 bytes; no meaningful-payload transfer run
S-22.3-07,22.3,record picker CPU queue size p95 latency amplification S3 attempts useful bytes and codec throughput,audit/performance-0.34.8.md,n/a,src/test/modelnet_upload_scale_tests.cpp,audit/performance-0.34.8.md,IMPLEMENTED_WITH_GAP,continue-20260917-round3,in-process counters recorded; no p95 foreground latency under upload and no codec throughput bench
S-22.3-08,22.3,compare with baselines under the same hardware and traffic conditions,audit/performance-0.34.8.md,n/a,n/a,audit/performance-0.34.8.md,MISSING,continue-20260917-round3,no baseline comparison run
S-22.3-09,22.3,acceptance targets configured before runs and not relaxed after a failure without rationale,audit/acceptance-matrix-notes.md,n/a,n/a,audit/acceptance-matrix-notes.md,IMPLEMENTED_AND_PROVEN,continue-20260917-round3,
S-23-01,23,README/HUMANS updated with the concrete source->storage->model workflow,README.md;HUMANS.md,n/a,src/test/modelnet_mig_doc_tests.cpp,README.md,IMPLEMENTED_AND_PROVEN,continue-20260917-round3,
S-23-02,23,AGENTS updated with executable command/RPC sequences and immutable plan binding,AGENTS.md;doc/modelnet/agent-recipes.md,n/a,contrib/modelnet/validate-doc-examples.sh,doc/modelnet/agent-recipes.md,IMPLEMENTED_AND_PROVEN,continue-20260917-round3,
S-23-03,23,operator guides for layouts HF/Xet torrent packages watches budgeting repair migration rotation troubleshooting,doc/modelnet/,n/a,src/test/modelnet_mig_doc_tests.cpp,doc/modelnet/,IMPLEMENTED_WITH_GAP,continue-20260917-round3,"storage-backends, watches, mirroring, recovery present; no dedicated HF/Xet or credential-rotation guide"
S-23-04,23,examples generated from actual RPC contracts and tested against the final build,contrib/modelnet/validate-doc-examples.sh,n/a,src/test/modelnet_network02_audit_tests.cpp,contrib/modelnet/validate-doc-examples.sh,IMPLEMENTED_AND_PROVEN,continue-20260917-round3,
S-23-05,23,document which transports are native PQ which are compatibility and where bytes are verified,doc/modelnet/pq-transport.md;doc/modelnet/web-bridge-boundary.md,n/a,src/test/modelnet_bridge_tests.cpp,doc/modelnet/pq-transport.md,IMPLEMENTED_AND_PROVEN,continue-20260917-round3,
S-23-06,23,explain that request optimization does not remove storage charges or guarantee one request,doc/modelnet/storage-backends.md;doc/modelnet/cloud-seeding.md,n/a,src/test/modelnet_cloud_tests.cpp,doc/modelnet/storage-backends.md,IMPLEMENTED_AND_PROVEN,continue-20260917-round3,
S-23-07,23,explain per-stripe erasure stale package economics and at-least-once events in plain language,doc/modelnet/recovery.md;doc/modelnet/events.md,n/a,n/a,doc/modelnet/events.md,IMPLEMENTED_AND_PROVEN,continue-20260917-round3,
S-23-08,23,the coordinator returns SHAs retained work modules protocols RPCs backends tiers measurements NOT_RUN and next steps,audit/final-convergence-operator-report.md;audit/final-convergence-handoff.md,n/a,n/a,audit/final-convergence-operator-report.md,IMPLEMENTED_AND_PROVEN,continue-20260917-round3,
S-23-09,23,do not set CLIENT_VERSION_IS_RELEASE push or publish as a side effect,CMakeLists.txt,CLIENT_VERSION_IS_RELEASE,n/a,audit/final-convergence-baseline.md,IMPLEMENTED_AND_PROVEN,continue-20260917-round3,remains false; no push this round
S-23-10,23,every unresolved mandatory gate remains visible,audit/requirement-traceability.csv;audit/0348-remaining-unique-todos.md,n/a,src/test/modelnet_unique_todo_tests.cpp,audit/0348-remaining-unique-todos.md,IMPLEMENTED_AND_PROVEN,continue-20260917-round3,
S-24-01,24,the traceability file maps every amendment section 28-82 and cloud/import additions,audit/requirement-traceability.csv,n/a,n/a,audit/requirement-traceability.csv,IMPLEMENTED_WITH_GAP,continue-20260917-round3,this file maps the 0.34.8 spec per subrequirement; the 28-82 amendment numbering is not separately reproduced
S-24-02,24,all original feature areas included in the ledger,audit/requirement-traceability.csv,n/a,n/a,audit/requirement-traceability.csv,IMPLEMENTED_AND_PROVEN,continue-20260917-round3,twenty named areas each have at least one row
S-24-03,24,the completion bar is an executed interoperable model lifecycle not nominal feature parity,audit/final-convergence-operator-report.md,n/a,n/a,audit/final-convergence-operator-report.md,IMPLEMENTED_WITH_GAP,continue-20260917-round3,"the lifecycle is executed only at fixture scale; obtain->derive->commit->discover->transfer proven, survive/repair/coordinate partly NOT_RUN"
RPC-getmodelcapabilities,21,getmodelcapabilities returns only capabilities actually available,src/modelnet/helper_network02.cpp;src/modelnet/hello_caps.cpp,DispatchHelperRpc;HelloCapabilityArray,src/test/modelnet_network02_audit_tests.cpp,src/test/modelnet_network02_audit_tests.cpp,IMPLEMENTED_AND_PROVEN,continue-20260917-round3,no unexecuted capability flags advertised
RPC-getsetupstatus,21,getsetupstatus shows workers quotas connectivity and remediation without secrets,src/modelnet/helper_network02.cpp;src/modelnet/firstrun.cpp,DispatchHelperRpc;FirstRunConsent,src/test/modelnet_network02_audit_tests.cpp;src/test/modelnet_firstrun_tests.cpp,src/test/modelnet_firstrun_tests.cpp,IMPLEMENTED_AND_PROVEN,continue-20260917-round3,
RPC-addmodelstorage,21,addmodelstorage registers a credential handle with no bulk I/O implied,src/modelnet/helper_network02.cpp;src/modelnet/s3_store.cpp,DispatchHelperRpc;CloudStoreConfig,src/test/modelnet_cloud_tests.cpp;src/test/modelnet_network02_audit_tests.cpp,src/test/modelnet_cloud_tests.cpp,IMPLEMENTED_AND_PROVEN,continue-20260917-round3,idempotency_key required
RPC-inspectmodelstorage,21,inspectmodelstorage validates endpoint/permissions locally,src/modelnet/helper_network02.cpp;src/modelnet/s3_store.cpp,DispatchHelperRpc,src/test/modelnet_cloud_tests.cpp,audit/e2e/minio-layouts.log,IMPLEMENTED_AND_PROVEN,continue-20260917-round3,inspected a real MinIO endpoint and rediscovered layout and auth_ok after a helper restart
RPC-testmodelstorage,21,testmodelstorage runs a scoped HEAD/PUT/GET/DELETE fixture in an owned prefix,src/modelnet/helper_network02.cpp;src/modelnet/s3_store.cpp,DispatchHelperRpc;S3PieceStore,src/test/modelnet_cloud_tests.cpp,audit/e2e/minio-layouts.log,IMPLEMENTED_WITH_GAP,continue-20260917-round3,health/bucket/probe against real MinIO PASSED; no R2 or AWS canary
RPC-listmodelstorage,21,listmodelstorage returns redacted capacity health budget and handles,src/modelnet/helper_network02.cpp;src/modelnet/s3_client.cpp,DispatchHelperRpc;HealthJson,src/test/modelnet_cloud_tests.cpp;src/test/modelnet_sentinel_secret_tests.cpp,audit/r2-storage.md,IMPLEMENTED_WITH_GAP,r-disposition-round2-20260917,redaction is proven by the sentinel-secret suite and S3PieceStore exposes real budget_used counters; R2S-14 finds S3Client::HealthJson returns literal zeros for get_count put_count head_count range_count multipart_count presign_count stored_bytes and object_count whenever no fake is attached so the health block is always zero in live mode
RPC-removemodelstorage,21,removemodelstorage does not delete remote objects implicitly,src/modelnet/helper_network02.cpp,DispatchHelperRpc,src/test/modelnet_cloud_tests.cpp,src/test/modelnet_cloud_tests.cpp,IMPLEMENTED_AND_PROVEN,continue-20260917-round3,active refs require migration or unavailable state
RPC-setmodelstoragepolicy,21,setmodelstoragepolicy sets future layout without silently migrating objects,src/modelnet/helper_network02.cpp;src/modelnet/object_layout.cpp,DispatchHelperRpc;PlanObjectLayout,src/test/modelnet_r2_storage_tests.cpp,src/test/modelnet_r2_storage_tests.cpp,IMPLEMENTED_AND_PROVEN,continue-20260917-round3,
RPC-previewmodelimport,21,previewmodelimport does bounded metadata resolution and pins the source,src/modelnet/helper_network02.cpp;src/modelnet/import_plan.cpp,DispatchHelperRpc;ImportPlan,src/test/modelnet_r3_import_tests.cpp,src/test/modelnet_r3_import_tests.cpp,IMPLEMENTED_AND_PROVEN,continue-20260917-round3,no bulk download or cloud write
RPC-executemodelimport,21,executemodelimport acquires verifies canonicalizes and commits under the exact plan,src/modelnet/helper_network02.cpp;src/modelnet/import_coordinator.cpp,DispatchHelperRpc;ImportCoordinator,src/test/modelnet_r3_import_tests.cpp;src/test/modelnet_n02_journey2_iso_tests.cpp,src/test/modelnet_n02_journey2_iso_tests.cpp,IMPLEMENTED_WITH_GAP,continue-20260917-round3,proven for local and fixture-HF sources; live HF and torrent worker executions NOT_RUN
RPC-getmodelimport,21,getmodelimport reports source retry and committed bytes separately,src/modelnet/helper_network02.cpp,DispatchHelperRpc,src/test/modelnet_r3_import_tests.cpp,src/test/modelnet_r3_import_tests.cpp,IMPLEMENTED_AND_PROVEN,continue-20260917-round3,
RPC-cancelmodelimport,21,cancelmodelimport retains uncertain cloud operations and does not erase published models,src/modelnet/helper_network02.cpp;src/modelnet/multipart_journal.cpp,DispatchHelperRpc;REMOTE_OUTCOME_UNKNOWN,src/test/modelnet_n02_journey2_iso_tests.cpp,src/test/modelnet_n02_journey2_iso_tests.cpp,IMPLEMENTED_AND_PROVEN,continue-20260917-round3,
RPC-resumemodelimport,21,resumemodelimport revalidates snapshot budget and multipart/spool state,src/modelnet/helper_network02.cpp;src/modelnet/multipart_journal.cpp,DispatchHelperRpc;MultipartJournal,src/test/modelnet_n02_journey2_iso_tests.cpp,src/test/modelnet_n02_journey2_iso_tests.cpp,IMPLEMENTED_AND_PROVEN,continue-20260917-round3,
RPC-publishmodelimport,21,publishmodelimport requires durable completion and signs importer identity only,src/modelnet/helper_network02.cpp;src/modelnet/records.cpp,DispatchHelperRpc;rights_approval,src/test/modelnet_r3_import_tests.cpp,src/test/modelnet_r3_import_tests.cpp,IMPLEMENTED_AND_PROVEN,continue-20260917-round3,no original-author impersonation
RPC-getmodeltransfers,21,getmodeltransfers shares job identity with explicit native/import/torrent/cloud types,src/modelnet/helper_network02.cpp,DispatchHelperRpc,src/test/modelnet_network02_audit_tests.cpp,src/test/modelnet_network02_audit_tests.cpp,IMPLEMENTED_AND_PROVEN,continue-20260917-round3,
RPC-getmodel,21,getmodel selection never changes canonical identity and has no paid fallback,src/modelnet/helper.cpp;src/modelnet/helper_network02.cpp,DispatchHelperRpc;FREE_ONLY,src/test/modelnet_network02_tests.cpp;src/test/modelnet_convergence_tests.cpp,src/test/modelnet_convergence_tests.cpp,IMPLEMENTED_AND_PROVEN,continue-20260917-round3,automatic_spend_atoms stays 0
RPC-getmodeltransfermetrics,21,getmodeltransfermetrics reports actual windows outstanding credits and useful/retry bytes,src/modelnet/helper_network02.cpp;src/modelnet/transfer_session.cpp,DispatchHelperRpc;TransferSession,src/test/modelnet_convergence_tests.cpp,audit/r1-swarm.md,IMPLEMENTED_WITH_GAP,continue-20260917-round3,fields present; source observations read 0 on the live path because ObservePeer is not called
RPC-setmodeluploadpolicy,21,setmodeluploadpolicy enforces finite shaping class floors and dynamic slots,src/modelnet/helper_network02.cpp;src/modelnet/upload_scheduler_drr.cpp,DispatchHelperRpc;UploadSchedulerDrr,src/test/modelnet_convergence_tests.cpp,src/test/modelnet_convergence_tests.cpp,IMPLEMENTED_AND_PROVEN,continue-20260917-round3,rarity cannot bypass the cap
RPC-getmodeluploadinfo,21,getmodeluploadinfo reports per-class slots queue pacing egress and throttle reasons,src/modelnet/helper_network02.cpp,DispatchHelperRpc,src/test/modelnet_upload_scale_tests.cpp,src/test/modelnet_upload_scale_tests.cpp,IMPLEMENTED_AND_PROVEN,continue-20260917-round3,
RPC-setbootstrapdistributor,21,setbootstrapdistributor enables truthful non-overlap leases,src/modelnet/helper_network02.cpp;src/modelnet/bootstrap_distributor.cpp,DispatchHelperRpc;BootstrapDistributor,src/test/modelnet_convergence_tests.cpp,src/test/modelnet_convergence_tests.cpp,IMPLEMENTED_AND_PROVEN,continue-20260917-round3,no fabricated absence
RPC-getbootstrapstatus,21,getbootstrapstatus reports injection/duplicate bytes and observed independence,src/modelnet/helper_network02.cpp,DispatchHelperRpc,src/test/modelnet_convergence_tests.cpp,src/test/modelnet_convergence_tests.cpp,IMPLEMENTED_AND_PROVEN,continue-20260917-round3,no global census
RPC-requestmodelorigin,21,requestmodelorigin separates consent and transport and reserves exposure,src/modelnet/helper_network02.cpp;src/modelnet/origin_broker.cpp,DispatchHelperRpc;OriginOfferAllowed,src/test/modelnet_network02_ef_tests.cpp,src/test/modelnet_network02_ef_tests.cpp,IMPLEMENTED_WITH_GAP,continue-20260917-round3,PROXY and FULL_FILE proven on FakeS3; metered gateway process NOT_RUN
RPC-getmodeloriginhealth,21,getmodeloriginhealth returns redacted status counts and origin state,src/modelnet/helper_network02.cpp,DispatchHelperRpc,src/test/modelnet_cloud_tests.cpp,src/test/modelnet_cloud_tests.cpp,IMPLEMENTED_AND_PROVEN,continue-20260917-round3,
RPC-planmodelstoragemigration,21,planmodelstoragemigration reports exact copy/delete cost and pin impact,src/modelnet/helper_network02.cpp;src/modelnet/object_layout.cpp,DispatchHelperRpc;ObjectLayoutPlanJson,src/test/modelnet_planner_tests.cpp,src/test/modelnet_planner_tests.cpp,IMPLEMENTED_AND_PROVEN,continue-20260917-round3,no change to model identity
RPC-executemodelstoragemigration,21,executemodelstoragemigration verifies destination before switching refs,src/modelnet/helper_network02.cpp;src/modelnet/piece_store.cpp,DispatchHelperRpc;TieredPieceStore,src/test/modelnet_store2_tests.cpp,src/test/modelnet_store2_tests.cpp,IMPLEMENTED_WITH_GAP,continue-20260917-round3,FakeS3 destination; old-data deletion consent path not exercised
RPC-setmodelmirror,21,setmodelmirror sets bounded retention with no implicit payments,src/modelnet/helper_network02.cpp;src/modelnet/model_watch.cpp,DispatchHelperRpc;ModelWatch,src/test/modelnet_watch_tests.cpp,src/test/modelnet_watch_tests.cpp,IMPLEMENTED_AND_PROVEN,continue-20260917-round3,
RPC-getmodelmirrorstatus,21,getmodelmirrorstatus reports queued missing retained pinned errors and budget,src/modelnet/helper_network02.cpp,DispatchHelperRpc,src/test/modelnet_watch_tests.cpp,src/test/modelnet_watch_tests.cpp,IMPLEMENTED_AND_PROVEN,continue-20260917-round3,
RPC-setmodelswarmhealer,21,setmodelswarmhealer targets marginal endangered pieces under the governor budget,src/modelnet/helper_network02.cpp;src/modelnet/piece_picker.cpp,DispatchHelperRpc;EndangeredPieces,src/test/modelnet_network02_tests.cpp,src/modelnet/helper_network02.cpp,IMPLEMENTED_WITH_GAP,continue-20260917-round3,RPC returns an endangered set but does not execute repair; EndangeredPieces has no direct unit test
RPC-preparemodelerasure,21,preparemodelerasure binds canonical data profile stripes tail and overhead,src/modelnet/helper_network02.cpp;src/modelnet/erasure_manifest.cpp,DispatchHelperRpc;ErasureManifest,src/test/modelnet_r6_erasure_tests.cpp,src/test/modelnet_r6_erasure_tests.cpp,IMPLEMENTED_AND_PROVEN,continue-20260917-round3,
RPC-executemodelerasure,21,executemodelerasure encodes bounded stripes and publishes only after durable commit,src/modelnet/helper_network02.cpp;src/modelnet/erasure_store.cpp,DispatchHelperRpc;EncodeShards,src/test/modelnet_erasure_io_tests.cpp,src/test/modelnet_erasure_io_tests.cpp,IMPLEMENTED_AND_PROVEN,continue-20260917-round3,
RPC-getmodelerasurehealth,21,getmodelerasurehealth reports per-stripe deficits not a global threshold,src/modelnet/helper_network02.cpp;src/modelnet/erasure_manifest.cpp,DispatchHelperRpc;EvaluateErasureHealth,src/test/modelnet_r6_erasure_tests.cpp,src/test/modelnet_r6_erasure_tests.cpp,IMPLEMENTED_AND_PROVEN,continue-20260917-round3,
RPC-repairmodel,21,repairmodel reconstructs boundedly then canonically verifies,src/modelnet/helper_network02.cpp;src/modelnet/erasure_store.cpp,DispatchHelperRpc;RepairCanonicalFromShards,src/test/modelnet_erasure_io_tests.cpp,src/test/modelnet_erasure_io_tests.cpp,IMPLEMENTED_AND_PROVEN,continue-20260917-round3,no blind trust in parity signatures
RPC-createbtxpackage,21,createbtxpackage produces a deterministic thin descriptor with no secret export,src/modelnet/helper_network02.cpp;src/modelnet/package_core.cpp,DispatchHelperRpc;EncodeBtxPackage,src/test/modelnet_r7_package_tests.cpp,audit/btx-package-vectors/,IMPLEMENTED_AND_PROVEN,continue-20260917-round3,
RPC-inspectbtxpackage,21,inspectbtxpackage parses locally with no endpoint contact or execution,src/modelnet/helper_network02.cpp;src/modelnet/package_core.cpp,DispatchHelperRpc;DecodeBtxPackage,src/test/modelnet_r7_package_tests.cpp,src/test/modelnet_r7_package_tests.cpp,IMPLEMENTED_AND_PROVEN,continue-20260917-round3,
RPC-verifybtxpackage,21,verifybtxpackage returns separate framing signature record and resource statuses,src/modelnet/helper_network02.cpp;src/modelnet/package_core.cpp,DispatchHelperRpc;VerifyPackageCoreSignature,src/test/modelnet_r7_package_tests.cpp;src/test/modelnet_ahp_auth_tests.cpp,src/test/modelnet_ahp_auth_tests.cpp,IMPLEMENTED_AND_PROVEN,continue-20260917-round3,
RPC-importbtxpackage,21,importbtxpackage implies no funding trust switch or origin consent,src/modelnet/helper_network02.cpp;src/modelnet/package_acquisition.cpp,DispatchHelperRpc;package_acquisition,src/test/modelnet_r7_package_tests.cpp,src/test/modelnet_r7_package_tests.cpp,IMPLEMENTED_AND_PROVEN,continue-20260917-round3,
RPC-exportbtxbundle,21,exportbtxbundle streams verified typed records without exposing filesystem names,src/modelnet/helper_network02.cpp;src/modelnet/package_bundle.cpp,DispatchHelperRpc;EncodeBtxBundle,src/test/modelnet_r7_package_tests.cpp,src/test/modelnet_r7_package_tests.cpp,IMPLEMENTED_AND_PROVEN,continue-20260917-round3,
RPC-watchmodelpublisher,21,watchmodelpublisher authenticates the exact publisher and separates events from actions,src/modelnet/helper_network02.cpp;src/modelnet/model_watch.cpp,DispatchHelperRpc;ModelWatch,src/test/modelnet_watch_tests.cpp,src/test/modelnet_watch_tests.cpp,IMPLEMENTED_AND_PROVEN,continue-20260917-round3,
RPC-watchmodelcollection,21,watchmodelcollection follows a signed collection with bounded selection,src/modelnet/helper_network02.cpp;src/modelnet/model_watch.cpp,DispatchHelperRpc;VerifySignedChannel,src/test/modelnet_watch_tests.cpp,src/test/modelnet_watch_tests.cpp,IMPLEMENTED_AND_PROVEN,continue-20260917-round3,
RPC-watchmodelquery,21,watchmodelquery reuses shared discovery with no per-watch unbounded fanout,src/modelnet/helper_network02.cpp;src/modelnet/query_router.cpp,DispatchHelperRpc;QueryBudget,src/test/modelnet_watch_tests.cpp,src/test/modelnet_watch_tests.cpp,IMPLEMENTED_AND_PROVEN,continue-20260917-round3,
RPC-listmodelwatches,21,listmodelwatches keeps local private policy ungossiped,src/modelnet/helper_network02.cpp;src/modelnet/model_watch.cpp,DispatchHelperRpc;ModelWatchToJson,src/test/modelnet_watch_tests.cpp,src/test/modelnet_watch_tests.cpp,IMPLEMENTED_AND_PROVEN,continue-20260917-round3,
RPC-unwatchmodel,21,unwatchmodel stops future triggers without deleting pins or revoking broadcast txs,src/modelnet/helper_network02.cpp;src/modelnet/model_watch.cpp,DispatchHelperRpc;ModelWatchStore,src/test/modelnet_watch_tests.cpp,src/test/modelnet_watch_tests.cpp,IMPLEMENTED_AND_PROVEN,continue-20260917-round3,
RPC-getmodelevents,21,getmodelevents is at-least-once with a generation and filter-bound cursor,src/modelnet/helper_network02.cpp;src/modelnet/event_journal.cpp,DispatchHelperRpc;ModelEventJournal,src/test/modelnet_event_tests.cpp,src/test/modelnet_event_tests.cpp,IMPLEMENTED_AND_PROVEN,continue-20260917-round3,explicit CURSOR_TOO_OLD
RPC-waitformodelevent,21,waitformodelevent is a bounded cancellable wait with no worker starvation,src/modelnet/helper_network02.cpp;src/modelnet/event_journal.cpp,DispatchHelperRpc,src/test/modelnet_event_tests.cpp,src/test/modelnet_event_tests.cpp,IMPLEMENTED_AND_PROVEN,continue-20260917-round3,30 s max
RPC-createsubscriptionmandate,21,createsubscriptionmandate is separate from legacy exact-terms with finite issuer scope,src/modelnet/helper_network02.cpp;src/modelnet/subscription_mandate.cpp,DispatchHelperRpc;ValidateMandate,src/test/modelnet_submandate_tests.cpp,audit/r8-wallet.md,IMPLEMENTED_WITH_GAP,r-disposition-round2-20260917,creation and validation proven unsigned and issuer scope is finite; wallet-signed creation (F2) NOT_RUN and F-R8-06 notes the created mandate is not persisted; unbuilt modelnet_r8_mandate_tests.cpp dropped from evidence
RPC-getsubscriptionmandate,21,getsubscriptionmandate is owner-only and never a public explorer view,src/modelnet/helper_network02.cpp;src/modelnet/subscription_mandate.cpp,DispatchHelperRpc;MandateToJson,src/test/modelnet_submandate_tests.cpp,src/test/modelnet_submandate_tests.cpp,IMPLEMENTED_AND_PROVEN,continue-20260917-round3,
RPC-revokesubscriptionmandate,21,revokesubscriptionmandate blocks new signatures and retains prior exposure,src/modelnet/helper_network02.cpp;src/modelnet/subscription_mandate.cpp,DispatchHelperRpc;SubscriptionBudget::Revoke,src/test/modelnet_submandate_tests.cpp,audit/r8-wallet.md,IMPLEMENTED_WITH_GAP,r-disposition-round2-20260917,mandate_sub_06_revoke_blocks_new_signatures and the RPC round trip are covered in the built suite and prior exposure is retained; F-R8-06 finds SubscriptionStore does no file I/O so a revocation does not survive a helper restart after which the same mandate_id can be recreated unrevoked with a full budget
RPC-getsubscriptionactivity,21,getsubscriptionactivity audits event->terms->tx->reservation,src/modelnet/helper_network02.cpp;src/modelnet/subscription_mandate.cpp,DispatchHelperRpc;ReservationToJson,src/test/modelnet_submandate_tests.cpp,src/test/modelnet_submandate_tests.cpp,IMPLEMENTED_WITH_GAP,continue-20260917-round3,exact-tx leg is unsigned because F2 NOT_RUN
RPC-searchmodels,21,searchmodels extends search with dynamic budgets and independent dimensions,src/modelnet/helper_network02.cpp;src/modelnet/search.cpp,DispatchHelperRpc;SearchRequest,src/test/modelnet_search_tests.cpp;src/test/modelnet_search_economy_tests.cpp,src/test/modelnet_search_tests.cpp,IMPLEMENTED_AND_PROVEN,continue-20260917-round3,
RPC-getmodelroutingstatus,21,getmodelroutingstatus reports coverage diversity and budgets with no global reputation,src/modelnet/helper_network02.cpp;src/modelnet/provider_route.cpp,DispatchHelperRpc;RoutingTable,src/test/modelnet_r4_route_tests.cpp,src/test/modelnet_r4_route_tests.cpp,IMPLEMENTED_AND_PROVEN,continue-20260917-round3,
RPC-reconcilemodelindex,21,reconcilemodelindex uses a consistent snapshot signed records and tombstone floors,src/modelnet/helper_network02.cpp;src/modelnet/index_reconcile.cpp,DispatchHelperRpc;IndexReconciler,src/test/modelnet_r5_gossip_tests.cpp;src/test/modelnet_convergence_tests.cpp,src/test/modelnet_convergence_tests.cpp,IMPLEMENTED_WITH_GAP,continue-20260917-round3,in-process reconcile proven; no two-node reconcile session
RPC-setmodeldiscoverypolicy,21,setmodeldiscoverypolicy scopes LAN delegated gossip and search with no silent widening,src/modelnet/helper_network02.cpp;src/modelnet/lan_discovery.cpp,DispatchHelperRpc;DelegatedRoutingMutatesConsensus,src/test/modelnet_r4_route_tests.cpp,src/test/modelnet_r4_route_tests.cpp,IMPLEMENTED_AND_PROVEN,continue-20260917-round3,
RPC-gettorrentsourcestatus,21,gettorrentsourcestatus separates metadata integrity selection private flag and publication,src/modelnet/helper_network02.cpp;src/modelnet/source_torrent.cpp,DispatchHelperRpc;ReverseTorrentStatusJson,src/test/modelnet_r3_import_tests.cpp,src/test/modelnet_r3_import_tests.cpp,IMPLEMENTED_WITH_GAP,continue-20260917-round3,states dispatch correctly; btx-torrentd OPERATOR_GATED so no live status observed
RPC-settorrentsourcepolicy,21,settorrentsourcepolicy preserves private rules and bounds reverse seed cost,src/modelnet/helper_network02.cpp;src/modelnet/source_torrent.cpp,DispatchHelperRpc;ReverseTorrentBridge,src/test/modelnet_r3_import_tests.cpp,src/test/modelnet_r3_import_tests.cpp,IMPLEMENTED_WITH_GAP,continue-20260917-round3,torrentd OPERATOR_GATED
E.1-01,E.1,limit profile lives in one typed configuration module generating capability docs,src/modelnet/policy.cpp;src/modelnet/hello_caps.cpp,policy;HelloCapabilityArray,src/test/modelnet_network02_audit_tests.cpp,src/test/modelnet_network02_audit_tests.cpp,IMPLEMENTED_WITH_GAP,continue-20260917-round3,limits are typed but spread across policy.cpp and per-module constants rather than one module
E.1-02,E.1,a peer can negotiate lower; a remote announcement cannot raise a host limit,src/modelnet/hello_caps.cpp,HelloHasCapability,src/test/modelnet_network02_audit_tests.cpp,src/test/modelnet_network02_audit_tests.cpp,IMPLEMENTED_AND_PROVEN,continue-20260917-round3,minima taken on intersection
E.1-03,E.1,thin package payload capped at 4 MiB before allocation and parse,src/modelnet/package_core.cpp,DecodeBtxPackage,src/test/modelnet_r7_package_tests.cpp,audit/btx-package-vectors/invalid/,IMPLEMENTED_AND_PROVEN,continue-20260917-round3,
E.1-04,E.1,native control message capped at 256 KiB with smaller route-specific caps,src/modelnet/protocol.cpp;src/modelnet/metadata_gossip.cpp,protocol;GossipMessageAllowed,src/test/modelnet_r5_gossip_tests.cpp,src/test/modelnet_r5_gossip_tests.cpp,IMPLEMENTED_AND_PROVEN,continue-20260917-round3,
E.1-05,E.1,a single subpiece capped at 256 KiB at parser and assembly writer,src/modelnet/subpiece.cpp,ValidateSubpieceRequest;SubpieceAssembly,src/test/modelnet_network02_audit_tests.cpp,src/test/modelnet_network02_audit_tests.cpp,IMPLEMENTED_AND_PROVEN,continue-20260917-round3,
E.1-06,E.1,canonical piece stays 4 MiB with unchanged verification,src/modelnet/store.cpp,ChunkLeaf;VerifyPiece,src/test/modelnet_network02_tests.cpp,src/test/modelnet_network02_tests.cpp,IMPLEMENTED_AND_PROVEN,continue-20260917-round3,
E.1-07,E.1,public query input capped at the existing 4 KiB before tokenization,src/modelnet/search.cpp,SearchQuery,src/test/modelnet_search_tests.cpp;src/test/modelnet_resolve_bounds_tests.cpp,src/test/modelnet_resolve_bounds_tests.cpp,IMPLEMENTED_AND_PROVEN,continue-20260917-round3,
E.1-08,E.1,query useful result page capped at 100 objects after deduplication,src/modelnet/search.cpp;src/modelnet/query_router.cpp,SearchPage;HitIds,src/test/modelnet_search_tests.cpp,src/test/modelnet_search_tests.cpp,IMPLEMENTED_AND_PROVEN,continue-20260917-round3,
E.1-09,E.1,one query's active remote tasks capped at 8 with a smaller initial probe,src/modelnet/query_router.cpp,QueryBudget,src/test/modelnet_r4_route_tests.cpp,src/test/modelnet_r4_route_tests.cpp,IMPLEMENTED_AND_PROVEN,continue-20260917-round3,
E.1-10,E.1,one query's cumulative remote tasks capped at 32 in the visited/task ledger,src/modelnet/query_router.cpp,QueryBudget;RoutedQuery,src/test/modelnet_network02_tests.cpp;src/test/modelnet_r4_route_tests.cpp,src/test/modelnet_network02_tests.cpp,IMPLEMENTED_AND_PROVEN,continue-20260917-round3,
E.1-11,E.1,default foreground query deadline 8 s on a monotonic timer not a peer timestamp,src/modelnet/query_router.cpp;src/modelnet/search.cpp,QueryBudget;SearchJobState,src/test/modelnet_search_tests.cpp,src/test/modelnet_search_tests.cpp,IMPLEMENTED_AND_PROVEN,continue-20260917-round3,
E.1-12,E.1,gossip announcement IDs capped at 256 before list allocation,src/modelnet/metadata_gossip.cpp,GossipMessageAllowed,src/test/modelnet_r5_gossip_tests.cpp,src/test/modelnet_r5_gossip_tests.cpp,IMPLEMENTED_AND_PROVEN,continue-20260917-round3,
E.1-13,E.1,full signed objects in a gossip reply capped at 8 and bounded by message bytes,src/modelnet/metadata_gossip.cpp;src/modelnet/index_reconcile.cpp,GossipMessageAllowed;BoundedWantList,src/test/modelnet_r5_gossip_tests.cpp,src/test/modelnet_r5_gossip_tests.cpp,IMPLEMENTED_AND_PROVEN,continue-20260917-round3,enforced at sender and receiver
E.1-14,E.1,personal unverified assembly bytes capped at 256 MiB across jobs by an atomic broker,src/modelnet/subpiece.cpp;src/modelnet/transfer_session.cpp,SubpieceAssembly;GlobalTransferCredits,src/test/modelnet_network02_audit_tests.cpp,src/test/modelnet_network02_audit_tests.cpp,IMPLEMENTED_AND_PROVEN,continue-20260917-round3,
E.1-15,E.1,long-poll timeout capped at 30 s in the waiter registry,src/modelnet/helper_network02.cpp,waitformodelevent,src/test/modelnet_event_tests.cpp,src/test/modelnet_event_tests.cpp,IMPLEMENTED_AND_PROVEN,continue-20260917-round3,
E.1-16,E.1,reconciliation recursion depth capped at 32 per request session,src/modelnet/index_reconcile.cpp,ReconcileRange,src/test/modelnet_convergence_tests.cpp,src/test/modelnet_convergence_tests.cpp,IMPLEMENTED_AND_PROVEN,continue-20260917-round3,
E.1-17,E.1,reconciliation in-flight responses capped at 3 initially,src/modelnet/index_reconcile.cpp,IndexReconciler,src/test/modelnet_r5_gossip_tests.cpp,src/test/modelnet_r5_gossip_tests.cpp,IMPLEMENTED_AND_PROVEN,continue-20260917-round3,
E.1-18,E.1,concurrent cloud operations default 4 with a local cap of at most 32,src/modelnet/s3_store.cpp,OperationBudget;CloudStoreConfig,src/test/modelnet_cloud_tests.cpp,src/test/modelnet_cloud_tests.cpp,IMPLEMENTED_AND_PROVEN,continue-20260917-round3,
E.1-19,E.1,public source redirects capped at 5 and revalidated each hop,src/modelnet/source_policy.cpp,SourceFollowsRedirects,src/test/modelnet_r10_security_tests.cpp,src/test/modelnet_r10_security_tests.cpp,IMPLEMENTED_AND_PROVEN,continue-20260917-round3,
E.1-20,E.1,per-handler lower limits win; a 256 KiB frame does not authorize a 256 KiB query,src/modelnet/search.cpp;src/modelnet/protocol.cpp,SearchQuery;protocol,src/test/modelnet_resolve_bounds_tests.cpp,src/test/modelnet_resolve_bounds_tests.cpp,IMPLEMENTED_AND_PROVEN,continue-20260917-round3,
E.1-21,E.1,all parsers use checked arithmetic before multiplying count by element size,src/modelnet/package_core.cpp;src/modelnet/object_layout.cpp;src/modelnet/subpiece.cpp,DecodeBtxPackage;MultipartPartCount;ValidateSubpieceRequest,src/test/modelnet_r10_security_tests.cpp,src/test/modelnet_r10_security_tests.cpp,IMPLEMENTED_AND_PROVEN,continue-20260917-round3,
E.2-01,E.2,capability negotiation extends the existing hello without changing baseline meaning,src/modelnet/hello_caps.cpp,HelloCapabilityArray;HelloHasCapability,src/test/modelnet_network02_audit_tests.cpp,src/test/modelnet_network02_audit_tests.cpp,IMPLEMENTED_AND_PROVEN,continue-20260917-round3,
E.2-02,E.2,nine versioned capability names with min/max version and numeric caps,src/modelnet/hello_caps.cpp;src/modelnet/subpiece.cpp,SUBPIECE_V1;SELECTIVE_FILES_V1;ORIGIN_OFFER_V1;PACKAGE_V1,src/test/modelnet_network02_audit_tests.cpp,src/test/modelnet_network02_audit_tests.cpp,IMPLEMENTED_AND_PROVEN,continue-20260917-round3,
E.2-03,E.2,negotiation is authenticated by the native session,src/modelnet/hello_caps.cpp;src/modelnet/transport_pq.cpp,HelloHasCapability;transport_pq,src/test/modelnet_b0_pq_rest_tests.cpp,src/test/modelnet_b0_pq_rest_tests.cpp,IMPLEMENTED_AND_PROVEN,continue-20260917-round3,
E.2-04,E.2,select the intersection and take minima for remote-request limits,src/modelnet/hello_caps.cpp,HelloHasCapability,src/test/modelnet_network02_audit_tests.cpp,src/test/modelnet_network02_audit_tests.cpp,IMPLEMENTED_AND_PROVEN,continue-20260917-round3,
E.2-05,E.2,unknown optional capabilities ignored; missing required ones give UNSUPPORTED_CAPABILITY,src/modelnet/hello_caps.cpp;src/modelnet/helper_network02.cpp,UNSUPPORTED_CAPABILITY,src/test/modelnet_network02_audit_tests.cpp,src/test/modelnet_network02_audit_tests.cpp,IMPLEMENTED_AND_PROVEN,continue-20260917-round3,not a silent different operation
E.2-06,E.2,an old client still obtains baseline full canonical pieces,src/modelnet/subpiece.cpp;src/modelnet/hello_caps.cpp,AdvertiseFullPieceOnly,src/test/modelnet_network02_audit_tests.cpp,src/test/modelnet_network02_audit_tests.cpp,IMPLEMENTED_AND_PROVEN,continue-20260917-round3,
E.2-07,E.2,no bucket endpoints credentials or mutable economics in capability bits,src/modelnet/hello_caps.cpp;src/modelnet/catalog.cpp,HelloCapabilityArray;SetAdvertisedCloudCaps,src/test/modelnet_sentinel_secret_tests.cpp,src/test/modelnet_sentinel_secret_tests.cpp,IMPLEMENTED_AND_PROVEN,continue-20260917-round3,
E.2-08,E.2,monetary service flags not repurposed to imply model quality or availability,src/modelnet/hello_caps.cpp;src/modelnet/provider_route.cpp,HelloCapabilityArray;AcceptProviderRecordType,src/test/modelnet_r4_route_tests.cpp,src/test/modelnet_r4_route_tests.cpp,IMPLEMENTED_AND_PROVEN,continue-20260917-round3,
E.3-01,E.3,a block request identifies session request generation artifact file piece offset and length,src/modelnet/subpiece.cpp;src/modelnet/transfer_session.cpp,SubpieceRequest;TransferRequest,src/test/modelnet_network02_audit_tests.cpp,src/test/modelnet_network02_audit_tests.cpp,IMPLEMENTED_AND_PROVEN,continue-20260917-round3,
E.3-02,E.3,request identity is scoped to the authenticated peer/session,src/modelnet/transfer_session.cpp,TransferSession;TransferRequest,src/test/modelnet_convergence_tests.cpp,src/test/modelnet_convergence_tests.cpp,IMPLEMENTED_AND_PROVEN,continue-20260917-round3,
E.3-03,E.3,offset+length must not exceed the expected canonical piece tail length,src/modelnet/subpiece.cpp,PiecePayloadBytes;ValidateSubpieceRequest,src/test/modelnet_network02_audit_tests.cpp,src/test/modelnet_network02_audit_tests.cpp,IMPLEMENTED_AND_PROVEN,continue-20260917-round3,
E.3-04,E.3,a response repeats the request ID and declares exact returned bytes,src/modelnet/subpiece.cpp,SubpieceRequestJson;ParseSubpieceRequest,src/test/modelnet_network02_audit_tests.cpp,src/test/modelnet_network02_audit_tests.cpp,IMPLEMENTED_AND_PROVEN,continue-20260917-round3,
E.3-05,E.3,reject additional payload contradictory ranges and unexpected compression,src/modelnet/subpiece.cpp,ValidateSubpieceRequest;SubpieceRangesOverlap,src/test/modelnet_network02_audit_tests.cpp,src/test/modelnet_network02_audit_tests.cpp,IMPLEMENTED_AND_PROVEN,continue-20260917-round3,
E.3-06,E.3,a completion posts a message to the session owner rather than mutating a shared leaves vector,src/modelnet/transfer_session.cpp,TransferSession,src/test/modelnet_convergence_tests.cpp;src/test/modelnet_vstar_regression_tests.cpp,src/test/modelnet_vstar_regression_tests.cpp,IMPLEMENTED_AND_PROVEN,continue-20260917-round3,
E.3-07,E.3,the owner checks generation then attempts one atomic piece commit,src/modelnet/transfer_session.cpp;src/modelnet/catalog.cpp,TransferSession;PutFetchedPiece,src/test/modelnet_convergence_tests.cpp,src/test/modelnet_convergence_tests.cpp,IMPLEMENTED_AND_PROVEN,continue-20260917-round3,
E.3-08,E.3,only a winning commit updates ranges throughput progress and advertised availability,src/modelnet/transfer_session.cpp,TransferSession,src/test/modelnet_convergence_tests.cpp,src/test/modelnet_convergence_tests.cpp,IMPLEMENTED_AND_PROVEN,continue-20260917-round3,losers count as overhead only
E.3-09,E.3,CANCEL is advisory on the wire and authoritative for local ownership,src/modelnet/transfer_session.cpp,TransferSession::Cancel,src/test/modelnet_convergence_tests.cpp,src/test/modelnet_convergence_tests.cpp,IMPLEMENTED_NOT_YET_PROVEN,continue-20260917-round3,local semantics proven; wire CANCEL not exercised against a peer
E.3-10,E.3,a late response is bounded and discarded without reviving the job,src/modelnet/transfer_session.cpp,TransferSession;TransferRequest,src/test/modelnet_vstar_regression_tests.cpp,src/test/modelnet_vstar_regression_tests.cpp,IMPLEMENTED_AND_PROVEN,continue-20260917-round3,
E.3-11,E.3,disconnect releases requests without deleting durable pieces or marking ranges corrupt,src/modelnet/transfer_session.cpp;src/modelnet/store.cpp,TransferSession;PieceIndex,src/test/modelnet_convergence_tests.cpp,src/test/modelnet_convergence_tests.cpp,IMPLEMENTED_AND_PROVEN,continue-20260917-round3,
E.4-01,E.4,a ready queue by peer and class with a quantum added to deficits each epoch,src/modelnet/upload_scheduler_drr.cpp,UploadSchedulerDrr;UploadRequest,src/test/modelnet_convergence_tests.cpp,src/test/modelnet_convergence_tests.cpp,IMPLEMENTED_AND_PROVEN,continue-20260917-round3,
E.4-02,E.4,choose requests whose deficits cover a bounded quantum with a writable receiver and reserved credit,src/modelnet/upload_scheduler_drr.cpp,UploadAdmission;UploadDecision,src/test/modelnet_convergence_tests.cpp,src/test/modelnet_convergence_tests.cpp,IMPLEMENTED_AND_PROVEN,continue-20260917-round3,
E.4-03,E.4,decrement on accepted work and cap accumulated credit so an idle peer cannot monopolize,src/modelnet/upload_scheduler_drr.cpp,UploadSchedulerDrr,src/test/modelnet_convergence_tests.cpp;src/test/modelnet_upload_scale_tests.cpp,src/test/modelnet_convergence_tests.cpp,IMPLEMENTED_AND_PROVEN,continue-20260917-round3,
E.4-04,E.4,reserve at least one normal/newcomer opportunity within the slot cap,src/modelnet/upload_scheduler_drr.cpp,UploadSchedulerDrr,src/test/modelnet_convergence_tests.cpp,src/test/modelnet_convergence_tests.cpp,IMPLEMENTED_AND_PROVEN,continue-20260917-round3,
E.4-05,E.4,rare/bootstrap preference is a bounded multiplier that cannot cause permanent starvation,src/modelnet/upload_scheduler_drr.cpp,UploadSchedulerDrr,src/test/modelnet_convergence_tests.cpp,src/test/modelnet_convergence_tests.cpp,IMPLEMENTED_AND_PROVEN,continue-20260917-round3,
E.4-06,E.4,add a slot after sustained unused capacity; remove after sustained queue pressure,src/modelnet/upload_scheduler_drr.cpp;src/modelnet/bulk_controller.cpp,UploadSchedulerDrr;LowPriorityBulkController,src/test/modelnet_convergence_tests.cpp,src/test/modelnet_convergence_tests.cpp,IMPLEMENTED_AND_PROVEN,continue-20260917-round3,
E.4-07,E.4,local manual ceilings always override calculated growth,src/modelnet/upload_scheduler_drr.cpp,setmodeluploadpolicy;UploadSchedulerDrr,src/test/modelnet_convergence_tests.cpp,src/test/modelnet_convergence_tests.cpp,IMPLEMENTED_AND_PROVEN,continue-20260917-round3,
E.4-08,E.4,storage-wait and network-ready queues split with separate limits,src/modelnet/upload_scheduler_drr.cpp;src/modelnet/io_executor.cpp,UploadSchedulerDrr;IoExecutor,src/test/modelnet_upload_scale_tests.cpp,src/test/modelnet_upload_scale_tests.cpp,IMPLEMENTED_AND_PROVEN,continue-20260917-round3,a cloud miss does not hold a payload slot
E.4-09,E.4,known unsupported/unavailable ranges fail promptly,src/modelnet/upload_scheduler_drr.cpp;src/modelnet/piece_ranges.cpp,UploadDecision;RangesCover,src/test/modelnet_upload_scale_tests.cpp,src/test/modelnet_upload_scale_tests.cpp,IMPLEMENTED_AND_PROVEN,continue-20260917-round3,
E.4-10,E.4,requests needing expensive origin retrieval require cloud credit before admission,src/modelnet/upload_scheduler_drr.cpp;src/modelnet/origin_broker.cpp,UploadAdmission;OperationBudget,src/test/modelnet_network02_ef_tests.cpp,src/test/modelnet_network02_ef_tests.cpp,IMPLEMENTED_AND_PROVEN,continue-20260917-round3,free-to-recipient is not free-to-provider
E.5-01,E.5,planner computes ceil(S/P) ceil(S/E) and ceil(S/U) with overflow-safe division,src/modelnet/object_layout.cpp,CanonicalPieceCount;LargeExtentCount;MultipartPartCount,src/test/modelnet_r2_storage_tests.cpp,src/test/modelnet_r2_storage_tests.cpp,IMPLEMENTED_AND_PROVEN,continue-20260917-round3,
E.5-02,E.5,cold sequential read distinguished from upload creation sidecars retries HEADs and copies,src/modelnet/object_layout.cpp;src/modelnet/cloud_layout.cpp,ObjectLayoutPlan;EstimatedGetsPerColdRetrieval,src/test/modelnet_planner_tests.cpp,src/test/modelnet_planner_tests.cpp,IMPLEMENTED_AND_PROVEN,continue-20260917-round3,
E.5-03,E.5,400 GiB illustration yields 102400 pieces 1600 extents and 6400 parts,src/modelnet/object_layout.cpp,CanonicalPieceCount;LargeExtentCount;MultipartPartCount,src/test/modelnet_r2_storage_tests.cpp;src/test/modelnet_convergence_tests.cpp,audit/r2-storage.md,IMPLEMENTED_WITH_GAP,r-disposition-round2-20260917,the three arithmetic results match the spec illustration exactly; R2S-03 finds the 6400-part figure describes the planner only - the real uploader would use 51200 8 MiB parts and would refuse at 10000 so the published number is not what the system would do
E.5-04,E.5,a whole-file upload is not a one-request upload,src/modelnet/object_layout.cpp,MultipartPartCount,src/test/modelnet_r2_storage_tests.cpp,src/test/modelnet_r2_storage_tests.cpp,IMPLEMENTED_AND_PROVEN,continue-20260917-round3,CreateMPU + 6400 UploadPart + Complete
E.5-05,E.5,illustrative R2 operation costs computed as arithmetic examples not a billing guarantee,src/modelnet/cloud_layout.cpp,EstimatedGetsPerColdRetrieval,src/test/modelnet_cloud_tests.cpp,src/test/modelnet_cloud_tests.cpp,IMPLEMENTED_AND_PROVEN,continue-20260917-round3,
E.5-06,E.5,a missing price does not mean zero price,src/modelnet/cloud_layout.cpp;doc/modelnet/storage-backends.md,CloudProvider,src/test/modelnet_cloud_tests.cpp,doc/modelnet/storage-backends.md,IMPLEMENTED_AND_PROVEN,continue-20260917-round3,
E.5-07,E.5,retries acquire new request credits,src/modelnet/s3_store.cpp;src/modelnet/multipart_journal.cpp,OperationBudget;MultipartPart,src/test/modelnet_cloud_tests.cpp,src/test/modelnet_cloud_tests.cpp,IMPLEMENTED_AND_PROVEN,continue-20260917-round3,
E.5-08,E.5,bounded memory constrains multipart concurrency; 4x64 MiB buffers exceed a 256 MiB budget,src/modelnet/multipart_journal.cpp;src/modelnet/transfer_session.cpp,MultipartJournal;CreditBroker,src/test/modelnet_r2_storage_tests.cpp,src/test/modelnet_r2_storage_tests.cpp,IMPLEMENTED_AND_PROVEN,continue-20260917-round3,
E.6-01,E.6,seven-phase multipart state machine INIT_PLANNED..OBJECT_COMMITTED,src/modelnet/multipart_journal.cpp,MultipartPhase;MultipartPhaseName,src/test/modelnet_network02_audit_tests.cpp,src/test/modelnet_network02_audit_tests.cpp,IMPLEMENTED_AND_PROVEN,continue-20260917-round3,
E.6-02,E.6,five error states distinguished including REMOTE_OUTCOME_UNKNOWN,src/modelnet/multipart_journal.cpp,MultipartPhase;REMOTE_OUTCOME_UNKNOWN,src/test/modelnet_n02_journey2_iso_tests.cpp,src/test/modelnet_n02_journey2_iso_tests.cpp,IMPLEMENTED_AND_PROVEN,continue-20260917-round3,
E.6-03,E.6,persist operation ID and reserved exposure before each network operation,src/modelnet/multipart_journal.cpp,MultipartJournal,src/test/modelnet_n02_journey2_iso_tests.cpp,src/test/modelnet_n02_journey2_iso_tests.cpp,IMPLEMENTED_AND_PROVEN,continue-20260917-round3,
E.6-04,E.6,a crash between dispatch and receipt is reconciled remotely not assumed unsent,src/modelnet/multipart_journal.cpp,MultipartPhase;MultipartJournal,src/test/modelnet_n02_journey2_iso_tests.cpp,src/test/modelnet_n02_journey2_iso_tests.cpp,IMPLEMENTED_WITH_GAP,continue-20260917-round3,reconcile logic proven on FakeS3; no real provider reconcile
E.6-05,E.6,a part record holds generation number offset length checksum ETag retries and state,src/modelnet/multipart_journal.cpp,MultipartPart,src/test/modelnet_network02_audit_tests.cpp,src/test/modelnet_network02_audit_tests.cpp,IMPLEMENTED_AND_PROVEN,continue-20260917-round3,
E.6-06,E.6,snapshot key credential scope and completion manifest frozen for an upload,src/modelnet/multipart_journal.cpp,MultipartJournal,src/test/modelnet_n02_journey2_iso_tests.cpp,src/test/modelnet_n02_journey2_iso_tests.cpp,IMPLEMENTED_AND_PROVEN,continue-20260917-round3,
E.6-07,E.6,refreshed credentials continue only if they authorize the same operation scope,src/modelnet/multipart_journal.cpp;src/modelnet/s3_store.cpp,MultipartJournal;CloudStoreConfig,src/test/modelnet_cloud_tests.cpp,src/test/modelnet_cloud_tests.cpp,IMPLEMENTED_NOT_YET_PROVEN,continue-20260917-round3,scope comparison exists; no credential-expiry-mid-upload run
E.6-08,E.6,changing bucket prefix or source requires a new reviewed plan,src/modelnet/import_plan.cpp;src/modelnet/multipart_journal.cpp,STALE_PLAN;ImportPlan,src/test/modelnet_r3_import_tests.cpp,src/test/modelnet_r3_import_tests.cpp,IMPLEMENTED_AND_PROVEN,continue-20260917-round3,
E.6-09,E.6,cleanup only upload IDs created by this installation and in its journal,src/modelnet/multipart_journal.cpp,MultipartJournal,src/test/modelnet_r2_storage_tests.cpp;src/test/modelnet_r10_security_tests.cpp,src/test/modelnet_r10_security_tests.cpp,IMPLEMENTED_AND_PROVEN,continue-20260917-round3,never delete all multipart uploads in a bucket
E.6-10,E.6,shared prefixes distinguished by ownership tags or a private registry not mutable public metadata,src/modelnet/piece_store.cpp;src/modelnet/multipart_journal.cpp,PieceObjectKey;MultipartJournal,src/test/modelnet_r2_storage_tests.cpp,src/test/modelnet_r2_storage_tests.cpp,IMPLEMENTED_AND_PROVEN,continue-20260917-round3,
E.7-01,E.7,a source checkpoint records snapshot verified ranges hash progress parts leases and finalization,src/modelnet/import_coordinator.cpp;src/modelnet/multipart_journal.cpp,ImportCoordinator;MultipartJournal,src/test/modelnet_n02_journey2_iso_tests.cpp,src/test/modelnet_n02_journey2_iso_tests.cpp,IMPLEMENTED_AND_PROVEN,continue-20260917-round3,
E.7-02,E.7,serializing a hash object requires a versioned portable format; a library SHA object is not durable,src/modelnet/import_coordinator.cpp,ImportCoordinator,src/test/modelnet_r3_import_tests.cpp,src/test/modelnet_r3_import_tests.cpp,IMPLEMENTED_AND_PROVEN,continue-20260917-round3,recompute-from-checkpoint used instead
E.7-03,E.7,the worker reports typed progress and cannot declare a final BTX ID authoritative,src/modelnet/import_coordinator.cpp,ImportCoordinator;ImportPhase,src/test/modelnet_r3_import_tests.cpp,src/test/modelnet_r3_import_tests.cpp,IMPLEMENTED_AND_PROVEN,continue-20260917-round3,
E.7-04,E.7,source-native and BTX canonical verification each record their own state,src/modelnet/import_coordinator.cpp;src/modelnet/source_torrent.cpp,ImportPhase;MapTorrentRangeSafe,src/test/modelnet_r3_import_tests.cpp,src/test/modelnet_r3_import_tests.cpp,IMPLEMENTED_AND_PROVEN,continue-20260917-round3,
E.7-05,E.7,a torrent piece hash success does not mark adjacent BTX bytes verified,src/modelnet/source_torrent.cpp;src/modelnet/store.cpp,MapTorrentRangeSafe;VerifyPiece,src/test/modelnet_r3_import_tests.cpp,src/test/modelnet_r3_import_tests.cpp,IMPLEMENTED_AND_PROVEN,continue-20260917-round3,
E.7-06,E.7,an upstream LFS/Xet hash is source evidence never substituted into SHA-384 fields,src/modelnet/source_xet.cpp;src/modelnet/cores.cpp,XetByteSource;cores,src/test/modelnet_r3_import_tests.cpp,src/test/modelnet_r3_import_tests.cpp,IMPLEMENTED_AND_PROVEN,continue-20260917-round3,
E.7-07,E.7,publication occurs only after digests trees commitments object completion and persistence all succeed,src/modelnet/import_coordinator.cpp,ImportPhase;publishmodelimport,src/test/modelnet_n02_journey2_iso_tests.cpp,src/test/modelnet_n02_journey2_iso_tests.cpp,IMPLEMENTED_AND_PROVEN,continue-20260917-round3,
E.7-08,E.7,if upload succeeded but publication failed retry publication without reuploading,src/modelnet/import_coordinator.cpp,ImportPhase,src/test/modelnet_n02_journey2_iso_tests.cpp,src/test/modelnet_n02_journey2_iso_tests.cpp,IMPLEMENTED_AND_PROVEN,continue-20260917-round3,
E.7-09,E.7,if canonicalization fails after remote staging retain/quarantine under finite policy and report cost,src/modelnet/import_coordinator.cpp;src/modelnet/multipart_journal.cpp,ImportPhase;MultipartPhase,src/test/modelnet_n02_journey2_iso_tests.cpp,src/test/modelnet_n02_journey2_iso_tests.cpp,IMPLEMENTED_AND_PROVEN,continue-20260917-round3,
E.8-01,E.8,the mapping partitions torrent-global intervals into real-file and padding/support intervals,src/modelnet/erasure_store.h;src/modelnet/source_torrent.cpp,TorrentFileMap;TorrentSlice,src/test/modelnet_r3_import_tests.cpp,src/test/modelnet_r3_import_tests.cpp,IMPLEMENTED_AND_PROVEN,continue-20260917-round3,
E.8-02,E.8,a BTX file's logical offset maps only to its real-file interval,src/modelnet/source_torrent.cpp,MapTorrentRangeSafe,src/test/modelnet_r3_import_tests.cpp,src/test/modelnet_r3_import_tests.cpp,IMPLEMENTED_AND_PROVEN,continue-20260917-round3,
E.8-03,E.8,unselected neighbor bytes may be fetched for source verification but never enter BTX content,src/modelnet/source_torrent.cpp,MapTorrentRangeSafe;TorrentSlice,src/test/modelnet_r3_import_tests.cpp,src/test/modelnet_r3_import_tests.cpp,IMPLEMENTED_AND_PROVEN,continue-20260917-round3,the A-then-B spanning case is covered
E.8-04,E.8,V2 pad regions contribute to source layout but not model contents,src/modelnet/source_torrent.cpp,TorrentFileNameAllowed;TorrentSlice,src/test/modelnet_r3_import_tests.cpp,src/test/modelnet_r3_import_tests.cpp,IMPLEMENTED_AND_PROVEN,continue-20260917-round3,
E.8-05,E.8,a disk broker stages writes and posts completions with an observer stopping upstream writes,src/modelnet/io_executor.cpp,IoExecutor,src/test/modelnet_network02_remain_tests.cpp,src/test/modelnet_network02_remain_tests.cpp,IMPLEMENTED_NOT_YET_PROVEN,continue-20260917-round3,executor proven; the disk_observer wakeup contract is untested without libtorrent
E.8-06,E.8,hash callbacks execute against a stable staged range protected from concurrent overwrite,src/modelnet/io_executor.cpp;src/modelnet/store.cpp,IoExecutor;VerifyPiece,src/test/modelnet_network02_remain_tests.cpp,src/test/modelnet_network02_remain_tests.cpp,IMPLEMENTED_NOT_YET_PROVEN,continue-20260917-round3,no real v1/v2 callback run
E.8-07,E.8,on hash failure revoke source-range readiness and invalidate provisional downstream assembly,src/modelnet/source_torrent.cpp;src/modelnet/subpiece.cpp,TorrentByteSource;SubpieceAssembly,src/test/modelnet_r3_import_tests.cpp,src/test/modelnet_r3_import_tests.cpp,IMPLEMENTED_AND_PROVEN,continue-20260917-round3,
E.8-08,E.8,maintain an ordered verified frontier per destination file with a bounded ahead window,src/modelnet/import_coordinator.cpp;src/modelnet/io_executor.cpp,ImportCoordinator;IoExecutor,src/test/modelnet_n02_journey2_iso_tests.cpp,src/test/modelnet_n02_journey2_iso_tests.cpp,IMPLEMENTED_AND_PROVEN,continue-20260917-round3,
E.8-09,E.8,when the window fills stop accepting distant payload instead of spilling to unbounded disk,src/modelnet/io_executor.cpp,IoExecutor,src/test/modelnet_network02_remain_tests.cpp,src/test/modelnet_network02_remain_tests.cpp,IMPLEMENTED_AND_PROVEN,continue-20260917-round3,
E.8-10,E.8,do not concatenate original weight files into a giant container to simplify mapping,src/modelnet/source_torrent.cpp;src/modelnet/catalog.cpp,TorrentFileMap;CatalogEntry,src/test/modelnet_r3_import_tests.cpp,src/test/modelnet_r3_import_tests.cpp,IMPLEMENTED_AND_PROVEN,continue-20260917-round3,
E.9-01,E.9,read keys include namespace mapping generation backend object generation and covering range,src/modelnet/piece_store.cpp;src/modelnet/s3_store.cpp,PieceObjectKey;CloudObjectStore,src/test/modelnet_r2_storage_tests.cpp,src/test/modelnet_r2_storage_tests.cpp,IMPLEMENTED_AND_PROVEN,continue-20260917-round3,
E.9-02,E.9,sharing a read requires all consumers authorized for the same bytes,src/modelnet/access_policy.cpp;src/modelnet/piece_store.cpp,access_policy;TieredPieceStore,src/test/modelnet_r10_security_tests.cpp,src/test/modelnet_r10_security_tests.cpp,IMPLEMENTED_AND_PROVEN,continue-20260917-round3,
E.9-03,E.9,each consumer has its own cancellation and bounded delivery queue,src/modelnet/io_executor.cpp,IoExecutor,src/test/modelnet_network02_remain_tests.cpp,src/test/modelnet_network02_remain_tests.cpp,IMPLEMENTED_AND_PROVEN,continue-20260917-round3,
E.9-04,E.9,the read continues while one authorized consumer remains and exposure stays accurate,src/modelnet/io_executor.cpp;src/modelnet/s3_store.cpp,IoExecutor;OperationBudget,src/test/modelnet_cloud_tests.cpp,src/test/modelnet_cloud_tests.cpp,IMPLEMENTED_AND_PROVEN,continue-20260917-round3,
E.9-05,E.9,choose a bounded covering extent per configured amplification limits,src/modelnet/cloud_layout.cpp,CloudReadStrategy;EstimatedGetsPerColdRetrieval,src/test/modelnet_cloud_tests.cpp,audit/r2-storage.md,IMPLEMENTED_WITH_GAP,r-disposition-round2-20260917,the strategy type and the amplification limit exist and are unit-proven as arithmetic; R2S-12 finds neither coalescer bounds amplification in practice because neither is wired so no covering extent is ever chosen on a live read
E.9-06,E.9,do not coalesce a 1 MiB and a 400 GiB request into an unconditional 400 GiB fetch,src/modelnet/cloud_layout.cpp,EstimatedGetsPerColdRetrieval;CloudReadStrategy,src/test/modelnet_cloud_tests.cpp;src/test/modelnet_convergence_tests.cpp,audit/r2-storage.md,IMPLEMENTED_WITH_GAP,r-disposition-round2-20260917,the prohibited over-fetch cannot happen but only vacuously - R2S-12 finds no coalescer is wired into the cloud path so nothing merges requests of any size; the unit assertions are arithmetic over a pure function not observations of a read
E.9-07,E.9,record useful/requested bytes versus origin bytes read,src/modelnet/s3_store.cpp;src/modelnet/helper_network02.cpp,getmodeloriginhealth;S3PieceStore,src/test/modelnet_cloud_tests.cpp,src/test/modelnet_cloud_tests.cpp,IMPLEMENTED_AND_PROVEN,continue-20260917-round3,
E.9-08,E.9,a bounded hot cache absorbs repeated nearby small requests including reverse torrent reads,src/modelnet/piece_store.cpp,TieredPieceStorePolicy,src/test/modelnet_store2_tests.cpp,src/test/modelnet_store2_tests.cpp,IMPLEMENTED_NOT_YET_PROVEN,continue-20260917-round3,cache proven for native reads; reverse torrent reads never measured
E.9-09,E.9,negative origin state expires quickly and is invalidated by a new generation or verified fetch,src/modelnet/router.cpp;src/modelnet/s3_store.cpp,NegativeResolveCache,src/test/modelnet_convergence_tests.cpp,src/test/modelnet_convergence_tests.cpp,IMPLEMENTED_AND_PROVEN,continue-20260917-round3,
E.10-01,E.10,ErasureManifest indexes each stripe's shard positions with hash commitments and versioned params,src/modelnet/erasure_manifest.cpp,ErasureManifest;ErasureStripe;ErasureStoredPositionSets,src/test/modelnet_r6_erasure_tests.cpp,src/test/modelnet_r6_erasure_tests.cpp,IMPLEMENTED_AND_PROVEN,continue-20260917-round3,
E.10-02,E.10,reference profile is systematic: 0..15 payload padded to 4 MiB and 16..19 parity,src/modelnet/erasure_store.cpp,EncodeShards,src/test/modelnet_r6_erasure_tests.cpp,src/test/modelnet_r6_erasure_tests.cpp,IMPLEMENTED_AND_PROVEN,continue-20260917-round3,
E.10-03,E.10,reconstruct only stripes whose required canonical ranges are absent,src/modelnet/erasure_store.cpp,RepairStripeFromFiles;RepairCanonicalFromShards,src/test/modelnet_erasure_io_tests.cpp,src/test/modelnet_erasure_io_tests.cpp,IMPLEMENTED_AND_PROVEN,continue-20260917-round3,
E.10-04,E.10,invert one 16x16 matrix then process shard buffers in windows if memory policy requires,src/modelnet/erasure_store.cpp,ReconstructShards,src/test/modelnet_erasure_io_tests.cpp,src/test/modelnet_erasure_io_tests.cpp,IMPLEMENTED_AND_PROVEN,continue-20260917-round3,
E.10-05,E.10,do not allocate twenty full 4 MiB buffers per stripe across unbounded repair jobs,src/modelnet/erasure_store.cpp;src/modelnet/io_executor.cpp,RepairStripeFromFiles;IoExecutor,src/test/modelnet_erasure_io_tests.cpp,src/test/modelnet_erasure_io_tests.cpp,IMPLEMENTED_AND_PROVEN,continue-20260917-round3,
E.10-06,E.10,for a partial last stripe record real source pieces and exact final file length,src/modelnet/erasure_manifest.cpp,ErasureStripe;ErasureEffectivePositionSets,src/test/modelnet_gap_erasure_tests.cpp,src/test/modelnet_gap_erasure_tests.cpp,IMPLEMENTED_AND_PROVEN,continue-20260917-round3,
E.10-07,E.10,dummy slots are deterministic zeros suppliable locally when correctly declared,src/modelnet/erasure_manifest.cpp,ErasureEffectivePositionSets,src/test/modelnet_gap_erasure_tests.cpp,src/test/modelnet_gap_erasure_tests.cpp,IMPLEMENTED_AND_PROVEN,continue-20260917-round3,
E.10-08,E.10,known zero positions must not be counted as independent stored replicas,src/modelnet/erasure_manifest.cpp,ErasureStoredPositionSets;EvaluateErasureHealth,src/test/modelnet_gap_erasure_tests.cpp;src/test/modelnet_r6_erasure_tests.cpp,src/test/modelnet_gap_erasure_tests.cpp,IMPLEMENTED_AND_PROVEN,continue-20260917-round3,stored vs effective position sets are separate functions
E.10-09,E.10,a profile with fewer tail shards exposes the exact reason not a misleading provider count,src/modelnet/erasure_manifest.cpp,ErasureHealthJson;ErasureStripeHealth,src/test/modelnet_r6_erasure_tests.cpp,src/test/modelnet_r6_erasure_tests.cpp,IMPLEMENTED_AND_PROVEN,continue-20260917-round3,
E.10-10,E.10,a third party may produce a manifest for public data without becoming its publisher,src/modelnet/erasure_manifest.cpp,ErasureManifest,src/test/modelnet_r6_erasure_tests.cpp,src/test/modelnet_r6_erasure_tests.cpp,IMPLEMENTED_AND_PROVEN,continue-20260917-round3,
E.10-11,E.10,reconstructed canonical hashes settle parity correctness; cache valid results quarantine bad profiles,src/modelnet/erasure_store.cpp,RepairCanonicalFromShards,src/test/modelnet_gap_erasure_tests.cpp,src/test/modelnet_gap_erasure_tests.cpp,IMPLEMENTED_AND_PROVEN,continue-20260917-round3,
E.10-12,E.10,limit alternate-subset attempts so repair is not an exponential malicious parity oracle,src/modelnet/erasure_store.cpp,ReconstructShards,src/test/modelnet_gap_erasure_tests.cpp;src/test/modelnet_r10_security_tests.cpp,src/test/modelnet_gap_erasure_tests.cpp,IMPLEMENTED_AND_PROVEN,continue-20260917-round3,
E.11-01,E.11,QuerySummary has version tokenizer namespace generation expiry dimensions and signed identity,src/modelnet/metadata_gossip.cpp,QuerySummary,src/test/modelnet_r5_gossip_tests.cpp,src/test/modelnet_r5_gossip_tests.cpp,IMPLEMENTED_AND_PROVEN,continue-20260917-round3,
E.11-02,E.11,validate all dimensions before decompression,src/modelnet/metadata_gossip.cpp,QuerySummary;GossipMessageAllowed,src/test/modelnet_r10_security_tests.cpp,src/test/modelnet_r10_security_tests.cpp,IMPLEMENTED_AND_PROVEN,continue-20260917-round3,
E.11-03,E.11,a summary carries coarse categories and public terms only; no private catalog data,src/modelnet/metadata_gossip.cpp,SummarizeQueryHits,src/test/modelnet_r5_gossip_tests.cpp,src/test/modelnet_r5_gossip_tests.cpp,IMPLEMENTED_AND_PROVEN,continue-20260917-round3,
E.11-04,E.11,tokenization is deterministic across peers with explicit Unicode handling,src/modelnet/search.cpp;src/modelnet/metadata_gossip.cpp,SummarizeQueryHits;SearchIndex,src/test/modelnet_search_tests.cpp,src/test/modelnet_search_tests.cpp,IMPLEMENTED_WITH_GAP,continue-20260917-round3,deterministic tokenizer proven; no non-English/CJK tokenization case
E.11-05,E.11,a negative answer is trusted only within its declared generation and profile,src/modelnet/query_router.cpp,QueryPeerPreference,src/test/modelnet_r4_route_tests.cpp,src/test/modelnet_r4_route_tests.cpp,IMPLEMENTED_AND_PROVEN,continue-20260917-round3,
E.11-06,E.11,missing saturated or mismatched summaries are UNKNOWN,src/modelnet/query_router.cpp;src/modelnet/metadata_gossip.cpp,QueryPeerHint;QuerySummary,src/test/modelnet_r4_route_tests.cpp,src/test/modelnet_r4_route_tests.cpp,IMPLEMENTED_AND_PROVEN,continue-20260917-round3,
E.11-07,E.11,the planner allocates an initial diverse probe and reserves an exploration share,src/modelnet/query_router.cpp,DynamicQueryPlan;QueryBudget,src/test/modelnet_r4_route_tests.cpp,src/test/modelnet_r4_route_tests.cpp,IMPLEMENTED_AND_PROVEN,continue-20260917-round3,
E.11-08,E.11,sufficiency computed after signature checks dedup filters and freshness policy,src/modelnet/query_router.cpp;src/modelnet/search.cpp,HitIds;SearchHit,src/test/modelnet_r4_route_tests.cpp,src/test/modelnet_r4_route_tests.cpp,IMPLEMENTED_AND_PROVEN,continue-20260917-round3,
E.11-09,E.11,plausible names without authentic objects cannot terminate the search early,src/modelnet/query_router.cpp,HitIds;RoutedQuery,src/test/modelnet_r4_route_tests.cpp,src/test/modelnet_r4_route_tests.cpp,IMPLEMENTED_AND_PROVEN,continue-20260917-round3,
E.11-10,E.11,cancellation propagates through parent/child budgets,src/modelnet/query_router.cpp,QueryBudget;RoutedQuery,src/test/modelnet_r4_route_tests.cpp,src/test/modelnet_r4_route_tests.cpp,IMPLEMENTED_AND_PROVEN,continue-20260917-round3,
E.11-11,E.11,a forwarding peer cannot reset the hop counter or request allowance,src/modelnet/query_router.cpp,QueryBudget,src/test/modelnet_resolve_bounds_tests.cpp;src/test/modelnet_r4_route_tests.cpp,src/test/modelnet_resolve_bounds_tests.cpp,IMPLEMENTED_AND_PROVEN,continue-20260917-round3,
E.11-12,E.11,incomplete remote reporting stays unknown rather than a false exact global count,src/modelnet/search.cpp,SearchCoverage,src/test/modelnet_search_tests.cpp,src/test/modelnet_search_tests.cpp,IMPLEMENTED_AND_PROVEN,continue-20260917-round3,
E.12-01,E.12,messages carry session scope hash generation ordered bounds element count and range digest,src/modelnet/index_reconcile.cpp,ReconcileRange;DigestIdRange,src/test/modelnet_r5_gossip_tests.cpp,src/test/modelnet_r5_gossip_tests.cpp,IMPLEMENTED_AND_PROVEN,continue-20260917-round3,
E.12-02,E.12,a reply confirms equality divides within the cap or returns bounded canonical bytes,src/modelnet/index_reconcile.cpp,ReconcileStatus;ReconcileResult,src/test/modelnet_convergence_tests.cpp,src/test/modelnet_convergence_tests.cpp,IMPLEMENTED_AND_PROVEN,continue-20260917-round3,
E.12-03,E.12,the receiver verifies digest identity sequence and signature before insertion,src/modelnet/index_reconcile.cpp,ReconcileDigestAuthorizesInsert,src/test/modelnet_r5_gossip_tests.cpp,src/test/modelnet_r5_gossip_tests.cpp,IMPLEMENTED_AND_PROVEN,continue-20260917-round3,
E.12-04,E.12,different snapshot generations restart or rebase rather than paginate inconsistently,src/modelnet/index_reconcile.cpp,ReconcileStatus;IndexReconciler,src/test/modelnet_r5_gossip_tests.cpp,src/test/modelnet_r5_gossip_tests.cpp,IMPLEMENTED_AND_PROVEN,continue-20260917-round3,
E.12-05,E.12,the ordered key distinguishes publisher/object versions,src/modelnet/index_reconcile.cpp,SortedUniqueIds;MakeCatalogDigest,src/test/modelnet_r5_gossip_tests.cpp,src/test/modelnet_r5_gossip_tests.cpp,IMPLEMENTED_AND_PROVEN,continue-20260917-round3,
E.12-06,E.12,maintain accepted state plus tombstone floor and equivocation evidence,src/modelnet/index_reconcile.cpp,IndexReconciler;CONFLICTING_RECORD,src/test/modelnet_r5_gossip_tests.cpp,src/test/modelnet_r5_gossip_tests.cpp,IMPLEMENTED_AND_PROVEN,continue-20260917-round3,
E.12-07,E.12,a compacted journal retains enough authority state to stop an old record masquerading as new,src/modelnet/event_journal.cpp;src/modelnet/index_reconcile.cpp,ModelEventJournal;IndexReconciler,src/test/modelnet_r5_gossip_tests.cpp,src/test/modelnet_r5_gossip_tests.cpp,IMPLEMENTED_NOT_YET_PROVEN,continue-20260917-round3,floors implemented; no post-compaction replay attempt test
E.12-08,E.12,an unavailable history floor returns an authenticated snapshot and explicit reset semantics,src/modelnet/index_reconcile.cpp;src/modelnet/event_journal.cpp,CURSOR_TOO_OLD;ReconcileStatus,src/test/modelnet_event_tests.cpp,src/test/modelnet_event_tests.cpp,IMPLEMENTED_AND_PROVEN,continue-20260917-round3,
E.13-01,E.13,existing PCP/NAT-PMP mappings IPv6 checks relay reservations and rendezvous preserved,src/modelnet/model_nat.cpp;src/modelnet/relay_reserve.cpp,model_nat;relay_reserve,src/test/modelnet_conn_tests.cpp,src/test/modelnet_conn_tests.cpp,IMPLEMENTED_AND_PROVEN,continue-20260917-round3,
E.13-02,E.13,a successful gateway mapping is not proof an external peer can reach the service,src/modelnet/reachability.cpp,reachability,src/test/modelnet_conn_tests.cpp,src/test/modelnet_conn_tests.cpp,IMPLEMENTED_AND_PROVEN,continue-20260917-round3,
E.13-03,E.13,dial-back binds the expected identity and endpoint/epoch,src/modelnet/reachability.cpp;src/modelnet/provider_route.cpp,reachability;NetworkEpoch,src/test/modelnet_conn_tests.cpp,src/test/modelnet_conn_tests.cpp,IMPLEMENTED_AND_PROVEN,continue-20260917-round3,
E.13-04,E.13,report direct versus relayed hosting distinctly,src/modelnet/reachability.cpp;src/modelnet/relay_reserve.cpp,reachability,src/test/modelnet_conn_tests.cpp,src/test/modelnet_conn_tests.cpp,IMPLEMENTED_AND_PROVEN,continue-20260917-round3,
E.13-05,E.13,renew mappings before expiry and remove only mappings owned by this process,src/modelnet/model_nat.cpp,model_nat,src/test/modelnet_conn_tests.cpp,src/test/modelnet_conn_tests.cpp,IMPLEMENTED_NOT_YET_PROVEN,continue-20260917-round3,logic present; no live PCP gateway exercised this round
E.13-06,E.13,never map monetary/wallet RPC ports through model-service defaults,src/modelnet/model_nat.cpp;src/modelnet/lan_discovery.cpp,model_nat;LanDiscoveryRequiresPublicAddress,src/test/modelnet_conn_tests.cpp;src/test/modelnet_r10_security_tests.cpp,src/test/modelnet_r10_security_tests.cpp,IMPLEMENTED_AND_PROVEN,continue-20260917-round3,
E.13-07,E.13,network change or sleep/wake advances an endpoint epoch and expires old candidates,src/modelnet/provider_route.cpp,NetworkEpoch,src/test/modelnet_conn_tests.cpp,src/test/modelnet_conn_tests.cpp,IMPLEMENTED_AND_PROVEN,continue-20260917-round3,
E.13-08,E.13,revalidate provider announcements without deleting durable content,src/modelnet/provider_route.cpp;src/modelnet/store.cpp,VerifyProviderRecord;NetworkEpoch,src/test/modelnet_r4_route_tests.cpp,src/test/modelnet_r4_route_tests.cpp,IMPLEMENTED_AND_PROVEN,continue-20260917-round3,
E.13-09,E.13,relay loss must not kill an already established direct session,src/modelnet/relay_reserve.cpp;src/modelnet/reachability.cpp,relay_reserve,src/test/modelnet_conn_tests.cpp,src/test/modelnet_conn_tests.cpp,IMPLEMENTED_NOT_YET_PROVEN,continue-20260917-round3,unit-level state machine only; no live relay-drop lab
E.13-10,E.13,a relay-only provider remains valid and presets cannot assume a public address,src/modelnet/profile.cpp;src/modelnet/lan_discovery.cpp,ProfilePolicy;LanDiscoveryRequiresPublicAddress,src/test/modelnet_infra_tests.cpp;src/test/modelnet_r4_route_tests.cpp,src/test/modelnet_r4_route_tests.cpp,IMPLEMENTED_AND_PROVEN,continue-20260917-round3,LanDiscoveryRequiresPublicAddress() asserted false
E.14-01,E.14,exported transfer state holds core ID selected resources verified ranges hints and source IDs,src/modelnet/package_export.cpp;src/modelnet/piece_ranges.cpp,EncodeLegacyAcquisitionExport;PieceRangesToJson,src/test/modelnet_r7_package_tests.cpp,src/test/modelnet_r7_package_tests.cpp,IMPLEMENTED_AND_PROVEN,continue-20260917-round3,
E.14-02,E.14,it contains no credentials wallet data tracker passkeys or automatic approvals,src/modelnet/package_export.cpp,PublicExportKeyForbidden;PublicExportObjectAllowed,src/test/modelnet_sentinel_secret_tests.cpp,src/test/modelnet_sentinel_secret_tests.cpp,IMPLEMENTED_AND_PROVEN,continue-20260917-round3,
E.14-03,E.14,an importing machine validates local bytes before adopting HAVE state,src/modelnet/store.cpp;src/modelnet/package_acquisition.cpp,VerifyPiece;package_acquisition,src/test/modelnet_r7_package_tests.cpp,src/test/modelnet_r7_package_tests.cpp,IMPLEMENTED_AND_PROVEN,continue-20260917-round3,importing a bitmap cannot establish possession
E.14-04,E.14,for removable media validate snapshots and prevent symlink/device traversal,src/modelnet/source_local.cpp;src/modelnet/store.cpp,ImportRelPathUnsafe;IsPortableRelPath,src/test/modelnet_r10_security_tests.cpp,src/test/modelnet_r10_security_tests.cpp,IMPLEMENTED_AND_PROVEN,continue-20260917-round3,
E.14-05,E.14,a fat bundle may omit pieces and retain an explicit partial state,src/modelnet/package_bundle.cpp;src/modelnet/piece_ranges.cpp,DecodeBtxBundle;PieceComplete,src/test/modelnet_r7_package_tests.cpp,src/test/modelnet_r7_package_tests.cpp,IMPLEMENTED_AND_PROVEN,continue-20260917-round3,
E.14-06,E.14,later online acquisition completes the same canonical artifact,src/modelnet/package_acquisition.cpp,package_acquisition,src/test/modelnet_r7_package_tests.cpp,src/test/modelnet_r7_package_tests.cpp,IMPLEMENTED_AND_PROVEN,continue-20260917-round3,
E.14-07,E.14,a moved job gets a new local identity and never imports wallet idempotency domains as authority,src/modelnet/package_export.cpp;src/modelnet/helper_network02.cpp,idempotency_key;EncodeLegacyAcquisitionExport,src/test/modelnet_r7_package_tests.cpp,src/test/modelnet_r7_package_tests.cpp,IMPLEMENTED_AND_PROVEN,continue-20260917-round3,
E.15-01,E.15,uTP and QUIC strict-PQ feasibility produced a prototype or a concrete blocker with a reproducer,src/modelnet/helper.cpp,evaluated_transport,src/test/modelnet_network02_audit_tests.cpp;src/test/modelnet_unique_todo_tests.cpp,/home/administrator/Documents/btxchain/.0348-network02-evaluated-transport.local.md,DEFERRED_WITH_EVIDENCE,continue-20260917-round3,NONSHIPPING with operator disposition
E.15-02,E.15,one-hop search privacy produced a prototype or a concrete blocker,src/modelnet/helper.cpp,evaluated_transport,src/test/modelnet_unique_todo_tests.cpp,/home/administrator/Documents/btxchain/.0348-network02-evaluated-transport.local.md,DEFERRED_WITH_EVIDENCE,continue-20260917-round3,NONSHIPPING
E.15-03,E.15,content-defined physical deduplication evaluated,src/modelnet/physical_dedup.cpp,ContentDefinedDedupShipped,src/test/modelnet_convergence_tests.cpp,src/test/modelnet_convergence_tests.cpp,DEFERRED_WITH_EVIDENCE,continue-20260917-round3,NONSHIPPING; exact-piece reuse ships instead
E.15-04,E.15,the 64/80 erasure profile evaluated,src/modelnet/erasure_manifest.cpp,ErasureManifest,src/test/modelnet_unique_todo_tests.cpp,audit/0348-remaining-unique-todos.md,DEFERRED_WITH_EVIDENCE,continue-20260917-round3,NOT_RUN with recorded disposition
E.15-05,E.15,10M catalog scaling evaluated,src/modelnet/index_reconcile.cpp,CompareSets,src/test/modelnet_cr11_scale_tests.cpp,audit/0348-remaining-unique-todos.md,DEFERRED_WITH_EVIDENCE,continue-20260917-round3,NOT_RUN; hardware and disk rule
E.15-06,E.15,only the operator may approve a documented nonshipping disposition,/home/administrator/Documents/btxchain/.0348-network02-evaluated-transport.local.md,evaluated_transport,src/test/modelnet_network02_audit_tests.cpp,/home/administrator/Documents/btxchain/.0348-network02-evaluated-transport.local.md,DEFERRED_WITH_EVIDENCE,continue-20260917-round3,
E.15-07,E.15,do not call an omitted feature implemented by renaming another feature,audit/requirement-traceability.csv;audit/skipped-and-partial-2026-09-17.md,n/a,src/test/modelnet_unique_todo_tests.cpp,audit/skipped-and-partial-2026-09-17.md,IMPLEMENTED_AND_PROVEN,continue-20260917-round3,round3 rewrite removes the parent S-* aggregate claims
E.15-08,E.15,do not compromise native authentication to satisfy a checklist,src/modelnet/transport_pq.cpp;src/modelnet/pq1_runtime.cpp,transport_pq;pq1_runtime,src/test/modelnet_b0_pq_rest_tests.cpp,src/test/modelnet_b0_pq_rest_tests.cpp,IMPLEMENTED_AND_PROVEN,continue-20260917-round3,strict PQ1 retained; no uTP/QUIC downgrade shipped
R01,R01,btxchain/btx README baseline adoption: rebase full tree and separate shipped from evidence,audit/final-convergence-baseline.md,n/a,n/a,BTX_0348_Expanded_Package/research/UPSTREAM_RESEARCH.md,IMPLEMENTED_AND_PROVEN,continue-20260917-round3,documentation adoption; no runtime test applies
R02,R02,piece_picker.cpp adoption: live metrics strict credits separate dimensions conservative freshness,src/modelnet/piece_picker.cpp,RequestWindowBytes;DiversityKey;SourceIsFresh,src/test/modelnet_r1_swarm_tests.cpp,audit/r1-swarm.md,IMPLEMENTED_WITH_GAP,continue-20260917-round3,dimensions and freshness adopted; live authenticated metrics not wired (ObservePeer uncalled)
R03,R03,helper.cpp adoption: session owner request ledger RAII lifetime live cancel unique commits,src/modelnet/transfer_session.cpp;src/modelnet/helper.cpp,TransferSession;ThreadJoin,src/test/modelnet_convergence_tests.cpp,audit/r1-swarm.md,IMPLEMENTED_WITH_GAP,continue-20260917-round3,session and RAII adopted; RetrieveFreeFromPeer still one-shot
R04,R04,catalog.cpp adoption: mandatory VerifiedManifest constructor and fail-before-mutation,src/modelnet/verified_manifest.cpp;src/modelnet/catalog.cpp,VerifyManifestAgainstRequest;PutFetchedPiece,src/test/modelnet_network02_tests.cpp,src/test/modelnet_network02_tests.cpp,IMPLEMENTED_AND_PROVEN,continue-20260917-round3,
R05,R05,release path adoption: stream large encryption with versioning and keep authority distinct,src/modelnet/crypto.cpp,RELEASE_WRAP_MAX_BYTES;WrapBtxEnc2,src/test/modelnet_network02_audit_tests.cpp,src/test/modelnet_network02_audit_tests.cpp,IMPLEMENTED_WITH_GAP,continue-20260917-round3,legacy decode preserved and authority separated; streaming container not implemented
R06,R06,libtorrent choker adoption: measured dynamic slots with a newcomer lane,src/modelnet/upload_scheduler_drr.cpp,UploadSchedulerDrr,src/test/modelnet_convergence_tests.cpp,src/test/modelnet_convergence_tests.cpp,IMPLEMENTED_AND_PROVEN,continue-20260917-round3,reciprocity is not an admission requirement
R07,R07,disk_interface adoption: nonblocking disk adapter bounded staging exact offset maps,src/modelnet/io_executor.cpp;src/modelnet/source_torrent.cpp,IoExecutor;MapTorrentRangeSafe,src/test/modelnet_network02_remain_tests.cpp,src/test/modelnet_network02_remain_tests.cpp,IMPLEMENTED_WITH_GAP,continue-20260917-round3,adapter and offset maps in-tree; never bound to a real libtorrent session
R08,R08,huggingface_hub adoption: pinned revisions source validators and safe restart,src/modelnet/source_huggingface.cpp,HuggingFaceByteSource;HuggingFaceLocatorAllowed,src/test/modelnet_r3_import_tests.cpp,src/test/modelnet_r3_import_tests.cpp,IMPLEMENTED_WITH_GAP,continue-20260917-round3,logic adopted; live HF NOT_RUN
R09,R09,xet-core adoption: brokered bounded sink into multipart with instrumented permits,src/modelnet/source_xet.cpp,XetByteSource,src/test/modelnet_r3_import_tests.cpp,src/test/modelnet_r3_import_tests.cpp,IMPLEMENTED_WITH_GAP,continue-20260917-round3,no full local snapshot; live Xet reconstruction NOT_RUN
R10,R10,rclone adoption: bounded ownership plus durable part journal and snapshot validation,src/modelnet/multipart_journal.cpp,MultipartJournal;MultipartPart,src/test/modelnet_n02_journey2_iso_tests.cpp,src/test/modelnet_n02_journey2_iso_tests.cpp,IMPLEMENTED_AND_PROVEN,continue-20260917-round3,MPU completion separate from publication
R11,R11,tahoe-lafs adoption: per-stripe reconstruction with canonical post-recovery verification,src/modelnet/erasure_store.cpp,EncodeShards;RepairCanonicalFromShards,src/test/modelnet_r6_erasure_tests.cpp,src/test/modelnet_r6_erasure_tests.cpp,IMPLEMENTED_AND_PROVEN,continue-20260917-round3,no Tahoe URI or authority semantics imported
R12,R12,isa-l adoption: pinned Cauchy GF(256) profile validated by known-answer vectors,src/modelnet/erasure_store.cpp,GfMul;EncodeShards;ReconstructShards,src/test/modelnet_r6_erasure_tests.cpp,src/test/modelnet_r6_erasure_tests.cpp,IMPLEMENTED_AND_PROVEN,continue-20260917-round3,no arbitrary Vandermonde MDS assumption
R13,R13,gtk-gnutella dq adoption: budgeted result-driven expansion with duplicate/stale rejection,src/modelnet/query_router.cpp,QueryRouter;QueryBudget,src/test/modelnet_r4_route_tests.cpp,src/test/modelnet_r4_route_tests.cpp,IMPLEMENTED_AND_PROVEN,continue-20260917-round3,clean implementation; GPL source study-only
R14,R14,gtk-gnutella qrp adoption: meter summaries batch updates treat stale as soft hints,src/modelnet/metadata_gossip.cpp,QuerySummary;SummarizeQueryHits,src/test/modelnet_r5_gossip_tests.cpp,src/test/modelnet_r5_gossip_tests.cpp,IMPLEMENTED_AND_PROVEN,continue-20260917-round3,no keyword-hash privacy claim
R15,R15,fred FailureTable adoption: expiring negative state with locally authenticated offers,src/modelnet/router.cpp,NegativeResolveCache,src/test/modelnet_convergence_tests.cpp,src/test/modelnet_convergence_tests.cpp,IMPLEMENTED_AND_PROVEN,continue-20260917-round3,
R16,R16,boxo bitswap adoption: session-scoped availability and cancellation lifetime,src/modelnet/transfer_session.cpp;src/modelnet/piece_picker.cpp,TransferSession;SourceHasPiece,src/test/modelnet_convergence_tests.cpp,src/test/modelnet_convergence_tests.cpp,IMPLEMENTED_WITH_GAP,continue-20260917-round3,session availability adopted; no dedicated DONT_HAVE e2e
R17,R17,gossipsub adoption: bounded metadata dissemination with measured PQ limits,src/modelnet/metadata_gossip.cpp,GossipMessageAllowed,src/test/modelnet_r5_gossip_tests.cpp,src/test/modelnet_r5_gossip_tests.cpp,IMPLEMENTED_WITH_GAP,continue-20260917-round3,caps adopted; limits proposed not measured under load
R18,R18,Cloudflare R2 pricing adoption: operations and stored capacity modelled as dated inputs,src/modelnet/cloud_layout.cpp,EstimatedGetsPerColdRetrieval;CloudProviderIsR2,src/test/modelnet_cloud_tests.cpp,src/test/modelnet_cloud_tests.cpp,IMPLEMENTED_AND_PROVEN,continue-20260917-round3,not a protocol rule
R19,R19,iroh-docs ranger adoption: range reconciliation without trusting XOR fingerprints,src/modelnet/index_reconcile.cpp,IndexReconciler;ReconcileDigestAuthorizesInsert,src/test/modelnet_convergence_tests.cpp,src/test/modelnet_convergence_tests.cpp,IMPLEMENTED_AND_PROVEN,continue-20260917-round3,
R20,R20,S3 presigned-URL adoption: signed URLs are not hard metering,src/modelnet/origin_broker.cpp,PresignedGetIsMeter,src/test/modelnet_network02_ef_tests.cpp,src/test/modelnet_network02_ef_tests.cpp,IMPLEMENTED_AND_PROVEN,continue-20260917-round3,
R21,R21,syncthing protocol adoption: explicit request buffer release and block metadata,src/modelnet/selective_files.cpp;src/modelnet/piece_ranges.cpp,SelectiveFileSet;CompactPieceRanges,src/test/modelnet_convergence_tests.cpp,src/test/modelnet_convergence_tests.cpp,IMPLEMENTED_AND_PROVEN,continue-20260917-round3,
R22,R22,OCI descriptor adoption: digest size media type distinct with variant selection,src/modelnet/package_core.cpp,DecodedBtxPackage;ValidatePackagePayload,src/test/modelnet_r7_package_tests.cpp,src/test/modelnet_r7_package_tests.cpp,IMPLEMENTED_AND_PROVEN,continue-20260917-round3,no execution instructions or automatic payments
R23,R23,libutp adoption decision,src/modelnet/helper.cpp,evaluated_transport,src/test/modelnet_unique_todo_tests.cpp,/home/administrator/Documents/btxchain/.0348-network02-evaluated-transport.local.md,DEFERRED_WITH_EVIDENCE,continue-20260917-round3,uTP NONSHIPPING
R24,R24,QUIC RFC 9001 adoption decision,src/modelnet/helper.cpp,evaluated_transport,src/test/modelnet_unique_todo_tests.cpp,contrib/modelnet/e2e-quic-absent.sh,DEFERRED_WITH_EVIDENCE,continue-20260917-round3,QUIC NONSHIPPING; default TLS is not strict PQ1
R25,R25,aws-sdk-cpp signer adoption: review pinned signing rather than improvise,src/modelnet/s3_client.cpp,s3_client,src/test/modelnet_cloud_tests.cpp,audit/e2e/minio-layouts.log,IMPLEMENTED_WITH_GAP,continue-20260917-round3,in-tree SigV4 accepted by real MinIO; no AWS or R2 interop
R26,R26,BEP 52 adoption: v2 tree and padding semantics honored,src/modelnet/source_torrent.cpp,ParseTorrentInfohash;TorrentFileNameAllowed,src/test/modelnet_r3_import_tests.cpp,src/test/modelnet_r3_import_tests.cpp,IMPLEMENTED_WITH_GAP,continue-20260917-round3,parser-level only; no libtorrent-validated v2 run
R27,R27,kad-dht lookup adoption: structured coverage with measured local ordering,src/modelnet/provider_route.cpp,RoutingTable;LookupStep;RoutingBucketIndex,src/test/modelnet_r4_route_tests.cpp,src/test/modelnet_r4_route_tests.cpp,IMPLEMENTED_AND_PROVEN,continue-20260917-round3,
R28,R28,BEP 19 webseed adoption: cloud and web origins are compatibility sources only,src/modelnet/origin_broker.cpp;src/modelnet/source_policy.cpp,OriginBroker;SourceLocatorAllowed,src/test/modelnet_network02_ef_tests.cpp,src/test/modelnet_network02_ef_tests.cpp,IMPLEMENTED_AND_PROVEN,continue-20260917-round3,
R29,R29,S3 multipart limits adoption: part count and size bounds respected,src/modelnet/object_layout.cpp,MultipartPartCount;MULTIPART_PART_BYTES,src/test/modelnet_r2_storage_tests.cpp,src/test/modelnet_r2_storage_tests.cpp,IMPLEMENTED_AND_PROVEN,continue-20260917-round3,
R30,R30,R2 presigned-URL adoption: R2 presign treated like S3 presign with no metering claim,src/modelnet/origin_broker.cpp;src/modelnet/cloud_layout.cpp,PresignedGetIsMeter;CloudProviderIsR2,src/test/modelnet_network02_ef_tests.cpp,src/test/modelnet_network02_ef_tests.cpp,IMPLEMENTED_AND_PROVEN,continue-20260917-round3,
R31,R31,HF Hub download docs adoption: large-file boundary and Xet direction honored,src/modelnet/source_huggingface.cpp;src/modelnet/source_xet.cpp,HuggingFaceByteSource;XetByteSource,src/test/modelnet_r3_import_tests.cpp,src/test/modelnet_r3_import_tests.cpp,IMPLEMENTED_WITH_GAP,continue-20260917-round3,live HF NOT_RUN
R32,R32,FastTrack/Kazaa is historical context and no source is obtained or copied,n/a,n/a,n/a,BTX_0348_Expanded_Package/research/UPSTREAM_RESEARCH.md,INCOMPATIBLE_BY_DESIGN,continue-20260917-round3,no original implementation retrieved; proprietary code not permitted
CONV-05,5,live swarm A/B/C/D,src/modelnet/helper.cpp;src/modelnet/piece_picker.cpp,RetrieveFreeFromPeer;PickRarestFirst,contrib/modelnet/e2e-swarm-live.sh;src/test/modelnet_convergence_tests.cpp,audit/e2e/swam-live.log,IMPLEMENTED_WITH_GAP,continue-20260917-round3,"45-byte 1-piece fixture took the whole-file path, observed_sources=0, one seeder served; PickRarestFirst never executed live"
CONV-05b,5,mid-transfer seeder failover,contrib/modelnet/e2e-swarm-live.sh,RetrieveFreeFromPeer,contrib/modelnet/e2e-swarm-live.sh,audit/e2e/failover-trace.json,MISSING,continue-20260917-round3,NOT_RUN_MID_TRANSFER: the 45-byte artifact completes before a seeder can be killed
CONV-06,6,upload scheduler mixed classes at 100/1k/10k,src/modelnet/upload_scheduler_drr.cpp;src/modelnet/helper_network02.cpp,UploadSchedulerDrr;TryAdmitModelUpload,src/test/modelnet_convergence_tests.cpp;src/test/modelnet_upload_scale_tests.cpp,src/test/modelnet_convergence_tests.cpp,IMPLEMENTED_AND_PROVEN,continue-20260917-round3,in-process 10k queued; not real sockets
CONV-07,7,congestion hysteresis,src/modelnet/bulk_controller.cpp,LowPriorityBulkController,src/test/modelnet_convergence_tests.cpp,src/test/modelnet_convergence_tests.cpp,IMPLEMENTED_WITH_GAP,continue-20260917-round3,controller hysteresis proven; no bufferbloat lab RTT
CONV-08,8,bootstrap 20 buyers,src/modelnet/bootstrap_distributor.cpp,BootstrapDistributor;BootstrapLease,src/test/modelnet_convergence_tests.cpp,src/test/modelnet_convergence_tests.cpp,IMPLEMENTED_WITH_GAP,continue-20260917-round3,distinct leases in-process; not 20 real buyers or a multi-GiB model
CONV-09,9,read coalescing at 1/10/100/1000 clients,src/modelnet/cloud_layout.cpp;src/modelnet/object_layout.cpp,EstimatedGetsPerColdRetrieval,src/test/modelnet_convergence_tests.cpp,audit/r2-storage.md,MISSING,r-disposition-round2-20260917,re-disposed from WITH_GAP on R2S-12: there is no coalescer on the cloud read path so there is nothing for 1/10/100/1000 clients to share; the passing test is arithmetic compared against the literal 1000 and no real client fan-in was run
CONV-10,10,S3/R2 layouts and 400 GiB GET counts,src/modelnet/object_layout.cpp;src/modelnet/s3_store.cpp,PlanObjectLayout;S3PieceStore,src/test/modelnet_r2_storage_tests.cpp;src/test/modelnet_convergence_tests.cpp,audit/e2e/minio-layouts.log,IMPLEMENTED_WITH_GAP,continue-20260917-round3,real MinIO proved SOURCE_FILES byte identity; PIECE_OBJECTS NOT_IMPLEMENTED and 400 GiB I/O NOT_RUN
CONV-11,11,sentinel credentials never leak,src/modelnet/package_export.cpp;src/modelnet/source_policy.cpp,EncodePublicBtxBundle;TorrentWorkerReceivesS3Credentials,src/test/modelnet_sentinel_secret_tests.cpp;src/test/modelnet_convergence_tests.cpp,src/test/modelnet_sentinel_secret_tests.cpp,IMPLEMENTED_AND_PROVEN,continue-20260917-round3,package and RPC unit plus full-repo grep
CONV-12,12,HF/Xet end to end,src/modelnet/source_huggingface.cpp;src/modelnet/source_xet.cpp,HuggingFaceByteSource;XetByteSource,src/test/modelnet_network02_import_tests.cpp;src/test/modelnet_r3_import_tests.cpp,src/test/modelnet_r3_import_tests.cpp,IMPLEMENTED_WITH_GAP,continue-20260917-round3,local fixture only; live HF NOT_RUN
CONV-13,13,torrent bridge end to end,src/modelnet/source_torrent.cpp,TorrentByteSource;MapTorrentRangeSafe,src/test/modelnet_network02_import_tests.cpp;src/test/modelnet_r3_import_tests.cpp,src/test/modelnet_r3_import_tests.cpp,IMPLEMENTED_WITH_GAP,continue-20260917-round3,offset map and path reject proven; btx-torrentd subprocess OPERATOR_GATED
CONV-14,14,local model to cloud host,src/modelnet/helper.cpp;src/modelnet/s3_store.cpp,importmodel;setcloudstorage,src/test/modelnet_network02_tests.cpp,src/test/modelnet_network02_tests.cpp,IMPLEMENTED_WITH_GAP,continue-20260917-round3,FakeS3; no user CLI host --storage journey this round
CONV-15,15,HF stream to S3,src/modelnet/import_coordinator.cpp;src/modelnet/multipart_journal.cpp,ImportCoordinator;MultipartJournal,src/test/modelnet_n02_journey2_iso_tests.cpp,src/test/modelnet_n02_journey2_iso_tests.cpp,IMPLEMENTED_WITH_GAP,continue-20260917-round3,isolated journey passes on fixture plus FakeS3; live stream NOT_RUN
CONV-16,16,direct cloud seed,src/modelnet/direct_seed.cpp;src/modelnet/origin_broker.cpp,OriginBroker;DirectSeedAllowIssue,src/test/modelnet_network02_ef_tests.cpp;src/test/modelnet_r10_security_tests.cpp,src/test/modelnet_network02_ef_tests.cpp,IMPLEMENTED_WITH_GAP,continue-20260917-round3,FakeS3 presign; expiry and sibling isolation are unit-level; no live presigned fetch
CONV-17,17,source diversity with a correlated origin,src/modelnet/piece_picker.cpp,NetgroupKey;DiversityKey,src/test/modelnet_convergence_tests.cpp,src/test/modelnet_convergence_tests.cpp,IMPLEMENTED_AND_PROVEN,continue-20260917-round3,in-process
CONV-18,18,erasure per-stripe sufficiency,src/modelnet/erasure_store.cpp;src/modelnet/erasure_manifest.cpp,StripeReconstructable,src/test/modelnet_convergence_tests.cpp;src/test/modelnet_r6_erasure_tests.cpp,src/test/modelnet_convergence_tests.cpp,IMPLEMENTED_AND_PROVEN,continue-20260917-round3,k-1 fails; global n is not sufficiency; not huge-model
CONV-19,19,swarm healer endangered range,src/modelnet/piece_picker.cpp;src/modelnet/helper_network02.cpp,EndangeredPieces;setmodelswarmhealer,n/a,src/modelnet/helper_network02.cpp,IMPLEMENTED_WITH_GAP,continue-20260917-round3,healer RPC does not execute repair; EndangeredPieces has no direct unit test (only the RPC call site)
CONV-20,20,.btx package vectors,src/modelnet/package_bundle.cpp;src/modelnet/package_export.cpp,EncodeBtxBundle;EncodePublicBtxBundle,src/test/modelnet_r7_package_tests.cpp;src/test/modelnet_convergence_tests.cpp,audit/btx-package-vectors/,IMPLEMENTED_AND_PROVEN,continue-20260917-round3,valid and invalid vectors written
CONV-21,21,stale economic observation,src/modelnet/package_export.cpp;src/modelnet/helper.cpp,automatic_spend_atoms,src/test/modelnet_submandate_tests.cpp,audit/btx-package-vectors/invalid/stale-percent-funded.json,IMPLEMENTED_WITH_GAP,continue-20260917-round3,package cannot authorize spend; live chain refresh NOT_RUN
CONV-22,22,search routing summaries,src/modelnet/query_router.cpp,QueryRouter;QueryBudget,src/test/modelnet_network02_tests.cpp;src/test/modelnet_r4_route_tests.cpp,src/test/modelnet_network02_tests.cpp,IMPLEMENTED_WITH_GAP,continue-20260917-round3,cumulative cap 32 proven; no 20-peer mesh e2e
CONV-23,23,dynamic query expansion,src/modelnet/query_router.cpp;src/modelnet/search.cpp,QueryRouter;SearchIndex,src/test/modelnet_network02_tests.cpp;src/test/modelnet_search_tests.cpp,src/test/modelnet_network02_tests.cpp,IMPLEMENTED_NOT_YET_PROVEN,continue-20260917-round3,LOCAL zero-network proven; popular and rare expansion not e2e
CONV-24,24,XOR bit buckets,src/modelnet/provider_route.cpp,RoutingBucketIndex,src/test/modelnet_convergence_tests.cpp;src/test/modelnet_r4_route_tests.cpp,src/test/modelnet_convergence_tests.cpp,IMPLEMENTED_AND_PROVEN,continue-20260917-round3,byte vs bit regression
CONV-25,25,negative cache,src/modelnet/router.cpp,NegativeResolveCache,src/test/modelnet_convergence_tests.cpp,src/test/modelnet_convergence_tests.cpp,IMPLEMENTED_AND_PROVEN,continue-20260917-round3,local TTL; no global verdict
CONV-26,26,HAVE/DONT_HAVE session availability,src/modelnet/piece_picker.cpp;src/modelnet/helper.cpp,SourceHasPiece;ParseAvailabilitySources,src/test/modelnet_convergence_tests.cpp,src/test/modelnet_convergence_tests.cpp,IMPLEMENTED_WITH_GAP,continue-20260917-round3,availability parsed into the picker; a dedicated DONT_HAVE e2e is missing
CONV-27,27,event gossip across 20 peers,src/modelnet/metadata_gossip.cpp;src/modelnet/event_journal.cpp,GossipMessage;GossipMessageAllowed,src/test/modelnet_network02_tests.cpp;src/test/modelnet_r5_gossip_tests.cpp,src/test/modelnet_r5_gossip_tests.cpp,IMPLEMENTED_NOT_YET_PROVEN,continue-20260917-round3,bounded message tests pass; 20-peer mesh NOT_RUN
CONV-28,28,anti-entropy at 100k/1M/10M,src/modelnet/index_reconcile.cpp,IndexReconciler::CompareSets,src/test/modelnet_convergence_tests.cpp;src/test/modelnet_scale_sparse_tests.cpp,src/test/modelnet_convergence_tests.cpp,IMPLEMENTED_WITH_GAP,continue-20260917-round3,1k set proven; 100k/1M/10M NOT_RUN (disk)
CONV-29,29,offline gossip recovery,src/modelnet/index_reconcile.cpp;src/modelnet/event_journal.cpp,IndexReconciler,src/test/modelnet_watch_tests.cpp,src/test/modelnet_watch_tests.cpp,IMPLEMENTED_NOT_YET_PROVEN,continue-20260917-round3,journal restart unit; multi-node reconnect NOT_RUN
CONV-30,30,watches and journal,src/modelnet/model_watch.cpp;src/modelnet/event_journal.cpp,ModelWatchStore;ModelEventJournal,src/test/modelnet_watch_tests.cpp;src/test/modelnet_event_tests.cpp,src/test/modelnet_watch_tests.cpp,IMPLEMENTED_AND_PROVEN,continue-20260917-round3,native; no shell callbacks
CONV-31,31,subscription mandate adversarial cases,src/modelnet/subscription_mandate.cpp,SubscriptionMandate;SubscriptionBudget,src/test/modelnet_submandate_tests.cpp,audit/r8-wallet.md,IMPLEMENTED_WITH_GAP,r-disposition-round2-20260917,unsigned prepare-only and the concurrent-reserve unit exists; F2 wallet sign NOT_RUN and the adversarial set is incomplete - F-R8-01 F-R8-02 F-R8-03 F-R8-04 and F-R8-09 are all unpinned by the built suite; unbuilt modelnet_r8_mandate_tests.cpp dropped from evidence
CONV-32,32,selective retrieval,src/modelnet/selective_files.cpp,SelectiveFileSet,src/test/modelnet_convergence_tests.cpp,src/test/modelnet_convergence_tests.cpp,IMPLEMENTED_WITH_GAP,continue-20260917-round3,HAVE gating proven; upgrade-reuse e2e missing
CONV-33,33,previous-version reuse,src/modelnet/physical_dedup.cpp,ContentDefinedDedupShipped;SamePhysicalBytes,src/test/modelnet_network02_audit_tests.cpp;src/test/modelnet_convergence_tests.cpp,src/test/modelnet_convergence_tests.cpp,DEFERRED_WITH_EVIDENCE,continue-20260917-round3,CDC NONSHIPPING; exact-piece existence reuse ships
CONV-34,34,LAN discovery,src/modelnet/lan_discovery.cpp,EndpointLooksLan;PreferLanPeer,src/test/modelnet_convergence_tests.cpp;src/test/modelnet_r4_route_tests.cpp,src/test/modelnet_convergence_tests.cpp,IMPLEMENTED_NOT_YET_PROVEN,continue-20260917-round3,classifier unit; two-namespace LAN NOT_RUN
CONV-35,35,delegated routing,src/modelnet/provider_route.cpp;src/modelnet/query_router.cpp,RoutingTable;QueryRouter,src/test/modelnet_network02_tests.cpp;src/test/modelnet_r4_route_tests.cpp,src/test/modelnet_r4_route_tests.cpp,IMPLEMENTED_NOT_YET_PROVEN,continue-20260917-round3,signatures verified locally; two-router e2e NOT_RUN
CONV-36,36,0.34.7 / 0.34.8 mixed binary lab,src/modelnet/hello_caps.cpp,HelloHasCapability,n/a,audit/cr11-not-run.md,MISSING,continue-20260917-round3,no mixed-version lab this round; classified NOT_RUN at acceptance
CONV-37-helper-down,37,kill the helper and monetary RPC still serves,src/rpc/modelnet.cpp;src/init.cpp,ProxyOrLocal;HELPER_DOWN,test/functional/feature_modelnet_0348_ops.py,test/functional/feature_modelnet_0348_ops.py:851-865,IMPLEMENTED_AND_PROVEN,r-disposition-round2-20260917,split from the bundled CONV-37 row on audit/r9-compat.md:64 which calls the combined MISSING stale for this half; re-run 2026-09-17 all four cases exit 0
CONV-37-modelnet-off,37,WITH_MODELNET=OFF second tree builds and runs,src/modelnet/CMakeLists.txt;src/modelnet/disabled_stub.h,WITH_MODELNET;ENABLE_MODELNET,contrib/modelnet/check-with-modelnet-off.sh,audit/r9-compat.md,MISSING,r-disposition-round2-20260917,WITH_MODELNET=OFF second tree NOT_RUN: source gating is proven by an 11-check probe but no OFF tree was ever configured or linked; audit/r9-compat.md also flags agent-package-review.md:445 as an unsubstantiated in-tree claim that the OFF build was done — do not cite it
CONV-38,38,hostile input and DoS,src/modelnet/package_export.cpp;src/modelnet/source_torrent.cpp;src/modelnet/source_policy.cpp,PublicExportObjectAllowed;MapTorrentRangeSafe,src/test/modelnet_r10_security_tests.cpp,src/test/modelnet_r10_security_tests.cpp,IMPLEMENTED_WITH_GAP,continue-20260917-round3,parser bounds exist; 10k fake peers and slowloris NOT_RUN
CONV-39,39,GUI primary journeys,src/qt/modelnetpage.cpp,modelnetpage,n/a,audit/final-convergence-baseline.md,MISSING,continue-20260917-round3,BUILD_GUI=OFF; no qt6-base-dev on this host; GUI NOT_RUN
CONV-40,40,CLI and agent JSON surface,src/modelnet/helper.cpp;contrib/modelnet/btx-model,DispatchHelperRpc,src/test/modelnet_convergence_tests.cpp,src/test/modelnet_convergence_tests.cpp,IMPLEMENTED_WITH_GAP,continue-20260917-round3,unix RPC JSON proven; not all documented btx-model wrapper subcommand names are present
CONV-41,41,400 GiB and 1000-downloader stampede,src/modelnet/object_layout.cpp;src/modelnet/upload_scheduler_drr.cpp,PlanObjectLayout;UploadSchedulerDrr,src/test/modelnet_convergence_tests.cpp,audit/performance-0.34.8.md,MISSING,continue-20260917-round3,arithmetic only; 1000 real sockets and 400 GiB I/O impractical this round
CONV-42,42,rare-model decay under progressive source loss,src/modelnet/erasure_store.cpp;src/modelnet/piece_picker.cpp,StripeReconstructable;EndangeredPieces,src/test/modelnet_convergence_tests.cpp,src/test/modelnet_convergence_tests.cpp,IMPLEMENTED_NOT_YET_PROVEN,continue-20260917-round3,per-stripe unit only; progressive source-loss system test NOT_RUN
BOUND-01,1.2,no auto-spend anywhere in the model plane,src/modelnet/catalog.cpp;src/modelnet/helper.cpp,automatic_spend_atoms,src/test/modelnet_convergence_tests.cpp;src/test/modelnet_unique_todo_tests.cpp,src/test/modelnet_convergence_tests.cpp,IMPLEMENTED_AND_PROVEN,continue-20260917-round3,stays 0
BOUND-02,1.2,a helper outage does not stop money,src/init.cpp;src/rpc/modelnet.cpp,ProxyOrLocal;HELPER_DOWN,test/functional/feature_modelnet_0348_ops.py,test/functional/feature_modelnet_0348_ops.py:851-865,IMPLEMENTED_AND_PROVEN,r-disposition-round2-20260917,re-disposed from NOT_YET_PROVEN on audit/r9-compat.md:63 which names this exact row as stale: the helper-kill versus monetary-validation lab did run 2026-09-17 (four cases exit 0 on isolated regtest never production btxd)
HCP-SUMMARY,22.1,hosted control plane traceability rolled up,src/hcpd.cpp;src/modelnet/,n/a,audit/hcp-native-acceptance.csv,audit/hcp-requirement-traceability.csv,IMPLEMENTED_WITH_GAP,r-disposition-round2-20260917,HCP native+process lab is proven — see audit/hcp-requirement-traceability.csv and audit/hcp-native-acceptance.csv; live partner and hardware legs stay NOT_RUN per audit/hcp-not-run.md; HCP-OPS-02 should be split because its helper-kill half is now proven (see BOUND-02)
CR11-SUMMARY,22.1,cognitive reserve 1.1 traceability rolled up,src/modelnet/,n/a,audit/cr11-native-acceptance.csv,audit/cr11-requirement-traceability.csv,IMPLEMENTED_WITH_GAP,r-disposition-round2-20260917,CR11 native+process lab is proven — see audit/cr11-requirement-traceability.csv and audit/cr11-native-acceptance.csv; live legs stay NOT_RUN per audit/cr11-not-run.md and cr11_ux_01/07/09 plus cr11_priv_03 assert a literal the test itself wrote (audit/skipped-and-partial-2026-09-17.md §5)
BOUND-03,1.2,no consensus or ASERT change,src/,n/a,n/a,audit/hcp-authority-matrix.md,INCOMPATIBLE_BY_DESIGN,continue-20260917-round3,out of 0.34.8 model-network scope
BOUND-04,1.2,no remote inference,src/modeld.cpp,n/a,n/a,audit/hcp-authority-matrix.md,INCOMPATIBLE_BY_DESIGN,continue-20260917-round3,explicitly excluded by section 1.1
REL-01,23,CLIENT_VERSION_IS_RELEASE remains false,CMakeLists.txt,CLIENT_VERSION_IS_RELEASE,n/a,audit/final-convergence-baseline.md,IMPLEMENTED_AND_PROVEN,continue-20260917-round3,must not flip this round; no push or PR
